1,0.9998,0.99921,0.99977,0.99926,0.99974,0.99931,0.99972,0.9993,0.99824,0.99668,0.99873,0.99949,0.99923,0.99822,0.99936,0.99852,0.99708,0.99524,0.99801,0.99641,0.99859,0.99723,0.99544,0.9981,0.99923,0.9984,0.99698,0.99517,0.9931,0.9909,0.98862,0.98633,0.98405,0.98181,0.97962,0.97751,0.97546,0.98421,0.99052,0.98831,0.98606,0.98382,0.98161,0.97946,0.97738,0.97536,0.97343,0.98255,0.98039,0.97829,0.97626,0.9743,0.97242,0.97062,0.96888,0.96722,0.96563,0.9641,0.96264,0.96123,0.95988,0.95859,0.95735,0.96948,0.97901,0.9855,0.98918,0.98744,0.98542,0.98918,0.98739,0.98536,0.98321,0.98102,0.97884,0.97668,0.98351,0.98133,0.97915,0.977,0.98372,0.98817,0.99063,0.99156,0.99137,0.99156,0.9914,0.99155,0.99143,0.99054,0.98915,0.99102,0.98984,0.98824,0.98639,0.98438,0.98229,0.98698,0.98503,0.98297,0.98742,0.99005,0.99122,0.9904,0.99132,0.9912,0.99036,0.98901,0.99081,0.98967,0.98813,0.98633,0.9894,0.98781,0.99021,0.98883,0.98714,0.98527,0.98328,0.98125,0.98615,0.98922,0.99076,0.99112,0.99083,0.98987,0.99099,0.99106,0.99038,0.98917,0.98761,0.98584,0.98393,0.98779,0.98604,0.98907,0.98752,0.98574,0.98384,0.98188,0.9799,0.98509,0.98844,0.99021,0.99076,0.99033,0.99077,0.99035,0.98934,0.99056,0.98972,0.98842,0.99018,0.98908,0.98761,0.98591,0.98407,0.98216,0.98023,0.9783,0.9838,0.98745,0.98949,0.99025,0.99007,0.98922,0.99019,0.98949,0.98831,0.98986,0.99031,0.98995,0.989,0.99013,0.98934,0.9881,0.98657,0.98485,0.98302,0.98115,0.97926,0.97738,0.97554,0.97373,0.97199,0.97029,0.96866,0.96708,0.96557,0.96411,0.96271,0.96136,0.96006,0.95882,0.95763,0.95648,0.96649,0.96497,0.97321,0.97143,0.97785,0.97598,0.97412,0.97969,0.98312,0.98154,0.98412,0.98275,0.98472,0.9854,0.98515,0.9854,0.98486,0.98379,0.98237,0.98072,0.97894,0.9825,0.98087,0.97911,0.97727,0.9754,0.97354,0.97887,0.97703,0.97517,0.97332,0.97149,0.96971,0.9761,0.97425,0.97932,0.98252,0.98099,0.97928,0.98251,0.98097,0.97925,0.9825,0.98096,0.98349,0.98468,0.98485,0.98428,0.98321,0.9818,0.98018,0.98301,0.98157,0.97992,0.97816,0.98178,0.98016,0.97841,0.98194,0.98034,0.97861,0.98207,0.98048,0.97876,0.98216,0.98408,0.98481,0.98467,0.98481,0.98469,0.98394,0.98276,0.9813,0.97965,0.97791,0.97611,0.98037,0.97867,0.98202,0.98391,0.98278,0.98135,0.97973,0.978,0.98159,0.98368,0.98457,0.98454,0.98457,0.98455,0.98388,0.98462,0.98407,0.98303,0.98168,0.9837,0.98252,0.98107,0.97945,0.98244,0.98097,0.97935,0.97762,0.97586,0.98012,0.98279,0.98414,0.98446,0.9842,0.98445,0.98399,0.98302,0.98422,0.9834,0.9822,0.98074,0.97912,0.98215,0.98069,0.97906,0.97735,0.98104,0.97945
1,0.99411,0.98099,0.99283,0.98597,0.99164,0.98839,0.99107,0.98036,0.96714,0.9546,0.98944,0.98907,0.97824,0.96595,0.9921,0.9831,0.97129,0.95996,0.99196,0.98228,0.9952,0.98969,0.97892,0.99616,0.99157,0.99594,0.98786,0.97714,0.96671,0.9573,0.94902,0.94175,0.93537,0.92972,0.92469,0.92019,0.91613,0.9803,0.98435,0.98474,0.97464,0.96335,0.95289,0.94363,0.93553,0.92844,0.92221,0.97754,0.96678,0.95596,0.94628,0.93781,0.93041,0.92393,0.91821,0.91312,0.90856,0.90445,0.90072,0.89732,0.8942,0.89133,0.88867,0.97037,0.97113,0.95902,0.94668,0.9822,0.98018,0.98266,0.98172,0.97102,0.95883,0.94745,0.93736,0.92856,0.97573,0.96472,0.9533,0.94297,0.98145,0.98245,0.97256,0.9611,0.95035,0.98355,0.97388,0.98733,0.9817,0.97112,0.96025,0.98697,0.97832,0.96756,0.95729,0.94808,0.93999,0.98294,0.97293,0.96239,0.98996,0.98812,0.97843,0.99251,0.98665,0.97644,0.96602,0.9565,0.99001,0.98078,0.97036,0.96064,0.99273,0.98369,0.99648,0.9912,0.98121,0.97092,0.96148,0.95311,0.99221,0.9945,0.98579,0.97539,0.99751,0.99481,0.99746,0.98938,0.97916,0.96929,0.96039,0.95254,0.94563,0.99107,0.98134,0.99882,0.99261,0.98239,0.97214,0.96282,0.9546,0.99515,0.99755,0.98872,0.97821,1.0007,0.99301,0.98263,0.97253,1.0011,0.99252,0.98213,1.0042,0.99663,0.98634,0.97632,0.96729,0.95933,0.95234,0.94618,0.99652,1.0004,0.99133,0.98068,0.9707,0.96182,1.0009,0.99117,0.98053,1.0066,1.0042,1.0067,0.99812,1.0087,1.0039,0.99399,0.9836,0.97404,0.96556,0.95811,0.95157,0.94579,0.94066,0.93608,0.93195,0.92821,0.9248,0.92168,0.91881,0.91616,0.9137,0.9114,0.90925,0.90724,0.90534,0.90356,0.99426,0.98413,1.0043,0.99885,1.005,1.0025,0.99055,1.0073,1.0009,1.0072,1.004,1.0068,1.0054,0.99515,0.98353,1.008,1.0053,0.99499,0.98381,0.97346,0.9643,1.0046,0.99453,0.98361,0.97358,0.96475,0.95702,1.0044,0.99402,0.98314,0.97329,0.96464,0.95709,1.0067,0.9961,1.0146,1.0087,1.0148,1.0066,1.0161,1.0117,1.0014,1.0171,1.0107,1.0173,1.0099,0.9994,0.98909,0.97977,0.97156,0.96436,1.0106,1.0006,0.99023,0.98079,1.0174,1.0079,0.99705,1.0221,1.014,1.0032,1.0243,1.0169,1.0062,1.026,1.022,1.012,1.0015,1.0266,1.0185,1.008,0.9979,0.98887,0.98094,0.97399,0.96787,1.02,1.0099,1.0286,1.0227,1.0289,1.0209,1.0101,0.99959,1.0291,1.0278,1.0182,1.0074,1.0316,1.0236,1.013,1.0337,1.0264,1.0159,1.0057,1.0342,1.0257,1.0151,1.0051,1.036,1.0272,1.0166,1.0066,0.99778,1.0365,1.0371,1.0277,1.0169,1.0411,1.0332,1.0225,1.0122,1.0421,1.0333,1.0227,1.0126,1.0036,1.0423,1.0327,1.022,1.0121,1.0465,1.0373
1,0.99901,0.9961,0.99871,0.9966,0.99844,0.99699,0.99823,0.9951,0.98981,0.98367,0.99538,0.99784,0.99516,0.99011,0.99737,0.99363,0.98821,0.98223,0.99483,0.9898,0.99733,0.99357,0.98825,0.99701,0.99789,0.99729,0.99342,0.98817,0.98248,0.97682,0.9714,0.96632,0.9616,0.95723,0.95321,0.94949,0.94606,0.97449,0.98725,0.98277,0.97741,0.97197,0.96674,0.96184,0.95729,0.95308,0.94921,0.97471,0.96946,0.96444,0.95977,0.95545,0.95147,0.9478,0.94443,0.94131,0.93842,0.93574,0.93326,0.93095,0.92879,0.92677,0.92488,0.95855,0.97349,0.97432,0.9706,0.97558,0.97419,0.97561,0.9747,0.97096,0.96606,0.96083,0.95565,0.95069,0.96785,0.96281,0.95768,0.95272,0.96896,0.97456,0.97386,0.97026,0.96552,0.97382,0.97007,0.97505,0.97234,0.96802,0.96311,0.97307,0.96898,0.96418,0.95923,0.95442,0.94986,0.967,0.96221,0.95737,0.97065,0.97457,0.97325,0.97456,0.97369,0.97029,0.96583,0.96104,0.97179,0.96765,0.96297,0.95823,0.97071,0.96637,0.97381,0.97043,0.96602,0.96134,0.95671,0.95229,0.9679,0.97371,0.97346,0.97038,0.97422,0.97324,0.97417,0.97178,0.96788,0.9634,0.95883,0.95438,0.95016,0.96612,0.96167,0.97121,0.96747,0.96307,0.95857,0.95419,0.95005,0.96608,0.9722,0.97216,0.96924,0.97284,0.97078,0.96708,0.96275,0.97122,0.96766,0.96339,0.97156,0.96808,0.96385,0.95944,0.95513,0.95102,0.94717,0.94358,0.96198,0.96971,0.97039,0.9678,0.96391,0.95959,0.9689,0.96523,0.96099,0.96955,0.97136,0.97021,0.96698,0.9713,0.96894,0.96523,0.96102,0.95673,0.95256,0.94862,0.94492,0.94148,0.93829,0.93534,0.93261,0.93007,0.92772,0.92553,0.9235,0.9216,0.91982,0.91815,0.91659,0.91512,0.91374,0.91244,0.94082,0.93729,0.95342,0.94945,0.95708,0.95403,0.94992,0.95753,0.95849,0.95789,0.95848,0.95809,0.95846,0.956,0.95223,0.95812,0.95859,0.95618,0.95246,0.94825,0.94397,0.95502,0.95112,0.94689,0.94267,0.93862,0.93481,0.95062,0.94643,0.94226,0.93828,0.93453,0.93104,0.94876,0.94458,0.95508,0.95753,0.95612,0.95278,0.9575,0.95503,0.95131,0.95724,0.95437,0.95799,0.95724,0.95431,0.95044,0.94627,0.94211,0.93811,0.95172,0.94767,0.94352,0.9395,0.95256,0.94857,0.94443,0.9549,0.95118,0.94706,0.9561,0.95259,0.94853,0.95679,0.95857,0.95681,0.95345,0.95833,0.95581,0.95214,0.94807,0.94396,0.93998,0.93622,0.9327,0.94907,0.94501,0.95483,0.95716,0.95579,0.95258,0.94866,0.94456,0.9545,0.95736,0.95617,0.95308,0.95728,0.95501,0.95148,0.95699,0.95428,0.95058,0.94655,0.95537,0.95191,0.94796,0.94392,0.9544,0.95072,0.94671,0.94272,0.93888,0.95219,0.95709,0.95684,0.95415,0.95751,0.9556,0.95225,0.94834,0.95603,0.95279,0.94893,0.94492,0.941,0.95299,0.94918,0.94519,0.94128,0.9533,0.9495
1,0.99897,0.99604,0.99862,0.9965,0.99834,0.99686,0.99813,0.99519,0.99008,0.98403,0.99498,0.99757,0.99525,0.99051,0.99702,0.99349,0.98832,0.98255,0.99418,0.98933,0.99656,0.99287,0.98779,0.9961,0.99733,0.99647,0.99278,0.98784,0.98248,0.97714,0.972,0.96716,0.96264,0.95846,0.95459,0.951,0.94769,0.97317,0.98605,0.98159,0.97655,0.97152,0.9667,0.96218,0.95797,0.95408,0.95048,0.97358,0.96875,0.96417,0.95989,0.95593,0.95227,0.94889,0.94576,0.94287,0.94018,0.93768,0.93535,0.93317,0.93114,0.92923,0.92744,0.95741,0.97301,0.97567,0.97312,0.97615,0.97438,0.97625,0.97504,0.97155,0.96709,0.96234,0.95762,0.95309,0.96825,0.96366,0.95901,0.95451,0.96902,0.97473,0.97477,0.97197,0.96791,0.97445,0.97126,0.97536,0.97302,0.96925,0.96491,0.97338,0.96974,0.96548,0.96107,0.95675,0.95263,0.96734,0.96305,0.95875,0.97049,0.97456,0.97395,0.97455,0.97414,0.9714,0.9676,0.96341,0.97219,0.96859,0.96449,0.96029,0.97084,0.96701,0.97361,0.97055,0.96668,0.96255,0.95846,0.95453,0.9679,0.97347,0.97384,0.97152,0.97421,0.97321,0.97418,0.97231,0.96904,0.96518,0.96117,0.95722,0.95344,0.9667,0.96279,0.97115,0.9678,0.96394,0.95998,0.95613,0.95246,0.96618,0.97205,0.97264,0.97049,0.97295,0.97143,0.96838,0.96468,0.97149,0.96844,0.96476,0.97158,0.96855,0.96488,0.96103,0.95723,0.95358,0.95014,0.94691,0.96243,0.96969,0.971,0.96922,0.96606,0.96237,0.96959,0.96651,0.96285,0.96986,0.97156,0.97045,0.96767,0.97139,0.96931,0.9661,0.96245,0.95869,0.95502,0.9515,0.94819,0.9451,0.94221,0.93952,0.93701,0.93468,0.93251,0.93048,0.92858,0.9268,0.92514,0.92357,0.92209,0.9207,0.91939,0.91814,0.94241,0.93939,0.95462,0.95096,0.95891,0.95588,0.95216,0.95954,0.96104,0.96009,0.96104,0.96039,0.96101,0.95907,0.95589,0.96062,0.96102,0.95901,0.95581,0.95214,0.94834,0.95761,0.95417,0.95043,0.94668,0.94305,0.93961,0.95313,0.94941,0.94571,0.94216,0.9388,0.93566,0.951,0.94729,0.95693,0.95983,0.95819,0.95512,0.95964,0.9573,0.95397,0.95938,0.95674,0.96017,0.95984,0.95749,0.95421,0.95056,0.94685,0.94324,0.95455,0.95098,0.94729,0.9437,0.9549,0.95135,0.94767,0.95691,0.95356,0.94991,0.958,0.95482,0.95121,0.95864,0.96065,0.95948,0.95674,0.96046,0.9584,0.95527,0.95171,0.94806,0.94448,0.94107,0.93784,0.95165,0.94804,0.9568,0.95941,0.95789,0.95497,0.95149,0.94786,0.95659,0.95952,0.95888,0.95641,0.95956,0.95773,0.95474,0.95921,0.95689,0.95369,0.95015,0.95758,0.95453,0.95104,0.94746,0.95646,0.95318,0.94963,0.94608,0.94265,0.95416,0.95892,0.95921,0.95719,0.95955,0.9581,0.9553,0.95192,0.95817,0.95538,0.952,0.94845,0.94494,0.95509,0.95171,0.94817,0.94468,0.95508,0.95169
1,1,1,1,1,1,1,1,1,1,1,1,1,1,1,1,1,1,1,1,1,1,1,1,1,1,1,1,1,1,0.99999,0.99999,0.99999,0.99999,0.99999,0.99999,0.99998,0.99998,0.99999,0.99999,0.99999,0.99998,0.99998,0.99998,0.99998,0.99998,0.99997,0.99997,0.99997,0.99997,0.99997,0.99997,0.99996,0.99996,0.99996,0.99996,0.99995,0.99995,0.99995,0.99995,0.99994,0.99994,0.99994,0.99993,0.99994,0.99995,0.99995,0.99996,0.99995,0.99995,0.99996,0.99995,0.99995,0.99995,0.99994,0.99994,0.99994,0.99994,0.99994,0.99994,0.99993,0.99994,0.99995,0.99995,0.99996,0.99996,0.99996,0.99997,0.99996,0.99997,0.99997,0.99998,0.99997,0.99998,0.99998,0.99999,0.99999,1,0.99999,1,1,1,1,0.99999,1,0.99999,0.99999,0.99999,0.99999,0.99999,0.99999,0.99999,0.99998,0.99999,0.99998,0.99999,0.99999,0.99998,0.99998,0.99998,0.99997,0.99998,0.99998,0.99999,0.99999,0.99999,0.99999,0.99999,1,1,1,1,1,1,1,1,1,1,1,1,1,1,1,1,1,1,1,1,1,1,1,1,1,1,1,1,1,1,1,1,1,1,1,1,1,1,1,1,1,1,1,1,1,1,1,1,1,1,1,1,1,1,1,1,1,1,1,1,1,1,1,1,1,1,1,1,1,1,1,1,1,1,1,1,1,1,1,1,1,1,1,1,1,1,1,1,1,1,1,1,1,1,1,1,1,1,1,1,1,1,1,1,1,1,1,1,1,1,1,1,1,1,1,1,1,1,1,1,1,1,1,1,1,1,1,1,1,1,1,1,1,1,1,1,1,1,1,1,1,1,1,1,1,1,1,1,1,1,1,1,1,1,1,1,1,1,1,1,1,1,1,1,1,1,1,1,1,1,1,1,1,1,1,1,1,1,1,1,1,1,1,1,1,1,1,1,1,1,1,1
1,0.99266,0.97614,0.99169,0.98334,0.99023,0.9866,0.98962,0.97616,0.96024,0.9455,0.98897,0.98636,0.97301,0.95882,0.99175,0.98164,0.96823,0.95554,0.99245,0.98224,0.99517,0.98997,0.97833,0.99662,0.9906,0.99648,0.98784,0.97659,0.96584,0.95631,0.94804,0.9409,0.93471,0.92933,0.92461,0.92044,0.91675,0.9802,0.97846,0.98267,0.97394,0.9637,0.95417,0.94577,0.93849,0.93218,0.92669,0.97707,0.96839,0.95897,0.95045,0.94301,0.93657,0.93098,0.92609,0.9218,0.91801,0.91463,0.9116,0.90888,0.90641,0.90417,0.90212,0.96817,0.96339,0.95419,0.94549,0.97662,0.9743,0.97706,0.97605,0.96771,0.95839,0.94971,0.94203,0.93534,0.97392,0.96597,0.95718,0.94913,0.97856,0.97724,0.96919,0.96047,0.95244,0.98011,0.97303,0.98263,0.97888,0.97082,0.96247,0.98332,0.9771,0.96889,0.96099,0.95392,0.94772,0.98157,0.97449,0.96654,0.98631,0.98354,0.97599,0.98804,0.98358,0.9759,0.96814,0.96109,0.98733,0.98085,0.97315,0.96591,0.98982,0.98364,0.99186,0.98861,0.98138,0.97382,0.96689,0.96077,0.99018,0.98988,0.98311,0.97566,0.99346,0.99102,0.99347,0.98758,0.9802,0.97312,0.96677,0.96119,0.95632,0.99042,0.98401,0.9945,0.99095,0.98391,0.9767,0.97012,0.96432,0.99332,0.99301,0.98645,0.97923,0.9966,0.99139,0.98423,0.97727,0.99778,0.99218,0.98504,1,0.99522,0.98818,0.98124,0.97498,0.96947,0.96465,0.96044,0.99624,0.99607,0.98952,0.98248,0.97601,0.97029,0.9988,0.99268,0.98561,1.0027,1,1.0027,0.99709,1.004,1.0011,0.99439,0.98735,0.98087,0.97513,0.97011,0.96572,0.96187,0.95847,0.95546,0.95278,0.95037,0.9482,0.94623,0.94443,0.94279,0.94128,0.93989,0.93861,0.93741,0.9363,0.93525,0.99267,0.99002,0.99666,0.99549,0.99731,0.9968,0.98991,0.99951,0.99506,0.99961,0.9975,0.99941,0.99851,0.99187,0.98435,1.0009,0.99839,0.99146,0.98411,0.97735,0.97136,0.99986,0.99359,0.98636,0.97963,0.97367,0.96846,1.0009,0.99455,0.98737,0.98074,0.9749,0.96979,1.003,0.9966,1.0067,1.0021,1.0072,1.0019,1.008,1.0053,0.99852,1.009,1.005,1.0091,1.0038,0.99669,0.98978,0.98354,0.97807,0.97328,1.0061,0.99992,0.99297,0.98658,1.0106,1.0048,0.99772,1.0135,1.0087,1.0016,1.0151,1.0106,1.0036,1.0163,1.0131,1.0063,0.99935,1.0172,1.012,1.005,0.99831,0.99228,0.98698,0.98235,0.97831,1.0142,1.0081,1.0183,1.0137,1.0189,1.0138,1.0067,0.9999,1.0197,1.0179,1.0114,1.0044,1.0215,1.0164,1.0095,1.0232,1.0187,1.0118,1.005,1.0241,1.0188,1.0119,1.0053,1.0258,1.0204,1.0135,1.0069,1.001,1.0267,1.0258,1.0194,1.0125,1.0295,1.0245,1.0176,1.0109,1.0309,1.0255,1.0186,1.012,1.0061,1.0317,1.026,1.0191,1.0126,1.0347,1.0292
1,0.99824,0.99332,0.99775,0.99446,0.99728,0.99524,0.99695,0.99185,0.98411,0.97571,0.99382,0.99633,0.99155,0.98416,0.99608,0.99073,0.98332,0.97554,0.99372,0.9872,0.99679,0.99226,0.98539,0.99666,0.99642,0.99674,0.99183,0.98509,0.97799,0.97113,0.96475,0.95891,0.9536,0.94879,0.94443,0.94047,0.93686,0.97332,0.98489,0.98078,0.97453,0.96797,0.96171,0.95591,0.95062,0.94582,0.94146,0.97227,0.96606,0.96011,0.95463,0.94963,0.94511,0.94101,0.93728,0.9339,0.93081,0.92798,0.92538,0.92299,0.92079,0.91874,0.91685,0.95659,0.96754,0.96465,0.95905,0.96902,0.9684,0.96913,0.96876,0.96444,0.95878,0.95287,0.94718,0.94187,0.96246,0.95689,0.9512,0.9458,0.96429,0.96862,0.96613,0.96122,0.95565,0.96743,0.96294,0.96921,0.96612,0.96117,0.95573,0.96765,0.96319,0.95791,0.95258,0.94752,0.94284,0.96258,0.95748,0.95231,0.96651,0.96897,0.96614,0.96928,0.96748,0.96323,0.9582,0.95311,0.96644,0.96195,0.95694,0.952,0.96625,0.96172,0.96921,0.96592,0.96128,0.95636,0.95158,0.94711,0.96427,0.96885,0.96707,0.96298,0.969,0.96823,0.96896,0.96597,0.96159,0.95687,0.95223,0.94787,0.94384,0.96201,0.95748,0.96698,0.96341,0.95891,0.95432,0.94993,0.94585,0.96285,0.9675,0.96591,0.96207,0.96771,0.96502,0.96088,0.95639,0.96647,0.96274,0.95835,0.96727,0.96378,0.95947,0.95506,0.95083,0.94689,0.94328,0.93997,0.95958,0.96561,0.96447,0.96089,0.95662,0.95231,0.96399,0.96014,0.95586,0.96538,0.96658,0.96588,0.96262,0.96692,0.9647,0.96093,0.95672,0.95253,0.94856,0.94488,0.9415,0.93841,0.93559,0.93302,0.93066,0.92851,0.92652,0.9247,0.92301,0.92145,0.92001,0.91866,0.9174,0.91623,0.91513,0.9141,0.94304,0.93942,0.95204,0.94877,0.95368,0.95154,0.94774,0.95395,0.95363,0.95399,0.95379,0.95401,0.9539,0.95102,0.94711,0.9539,0.95414,0.9514,0.94757,0.94346,0.93945,0.95144,0.94769,0.94364,0.93968,0.93596,0.93253,0.94865,0.94471,0.94076,0.93703,0.93359,0.93043,0.94789,0.94396,0.95294,0.9536,0.9533,0.95034,0.95417,0.95217,0.94866,0.95408,0.95154,0.95453,0.95309,0.94982,0.94594,0.942,0.93823,0.93471,0.94918,0.94539,0.94153,0.93785,0.95076,0.94709,0.94321,0.95293,0.94959,0.94574,0.95395,0.95083,0.94704,0.95453,0.95516,0.9527,0.94912,0.95516,0.95249,0.94886,0.94501,0.94127,0.93775,0.93449,0.93151,0.9482,0.94447,0.95315,0.95389,0.95353,0.9507,0.94704,0.94324,0.95267,0.95437,0.95238,0.94901,0.95433,0.95188,0.94837,0.95435,0.95172,0.94817,0.94441,0.95338,0.95018,0.94649,0.94278,0.95303,0.94969,0.94598,0.94233,0.93888,0.95172,0.95506,0.95365,0.95051,0.95518,0.95295,0.94956,0.94587,0.95417,0.9511,0.94748,0.94381,0.94032,0.95231,0.94885,0.94519,0.94166,0.95311,0.94971
1,0.99343,0.97942,0.99244,0.98511,0.99128,0.98784,0.99075,0.97825,0.96314,0.94894,0.99161,0.99007,0.97601,0.96069,0.99579,0.98386,0.96832,0.95364,0.99744,0.98407,1.0016,0.99417,0.97887,1.0035,0.99576,1.0032,0.99113,0.97563,0.96097,0.948,0.93669,0.92681,0.91811,0.91038,0.90346,0.8972,0.8915,0.99681,1.0021,1.0042,0.98597,0.96678,0.9499,0.93553,0.92329,0.91276,0.90359,0.99605,0.97684,0.95827,0.94237,0.92892,0.91745,0.90756,0.89892,0.89127,0.88444,0.87828,0.87267,0.86754,0.86281,0.85843,0.85435,1.0041,1.0051,0.97945,0.95583,1.0256,1.0189,1.0257,1.0231,1.0031,0.98246,0.96452,0.94937,0.93654,1.0164,0.99751,0.97846,0.96197,1.0262,1.0243,1.0061,0.98742,0.97098,1.0291,1.0127,1.0346,1.0259,1.0082,0.99095,1.0354,1.0214,1.0038,0.9877,0.97373,0.96171,1.0333,1.0164,0.99865,1.0444,1.0377,1.02,1.0481,1.0375,1.02,1.0032,0.98848,1.0469,1.0312,1.0136,0.99778,1.0529,1.0375,1.0576,1.0496,1.0323,1.0152,1.0001,0.98723,1.0555,1.0546,1.0374,1.0196,1.0635,1.0565,1.0634,1.0483,1.0306,1.0145,1.0007,0.98874,0.97844,1.0613,1.0435,1.0725,1.0626,1.0438,1.0258,1.0102,0.99699,1.0708,1.0692,1.0508,1.0322,1.0791,1.0647,1.0458,1.0286,1.0822,1.0669,1.0482,1.0876,1.0748,1.0562,1.0391,1.0243,1.0116,1.0008,0.99137,1.0858,1.0843,1.0644,1.0449,1.0282,1.0141,1.0939,1.0753,1.055,1.1042,1.0941,1.1041,1.0871,1.1076,1.0994,1.0808,1.0627,1.0469,1.0336,1.0221,1.0122,1.0036,0.9959,0.98906,0.98288,0.97726,0.97211,0.96736,0.96296,0.95885,0.95501,0.95141,0.94801,0.94479,0.94174,0.93883,1.1704,1.1476,1.1894,1.1817,1.1912,1.1893,1.1593,1.2,1.1789,1.2006,1.1927,1.1997,1.1975,1.1754,1.1539,1.2083,1.1945,1.1726,1.1528,1.1363,1.1225,1.2156,1.197,1.1741,1.1545,1.1383,1.1248,1.2294,1.2095,1.1851,1.1644,1.1475,1.1336,1.2439,1.2233,1.2493,1.2262,1.2547,1.2335,1.258,1.25,1.2269,1.2642,1.2531,1.2635,1.2427,1.221,1.2026,1.1873,1.1745,1.1636,1.284,1.2654,1.2395,1.2177,1.3017,1.284,1.2576,1.3107,1.2973,1.2716,1.3181,1.3059,1.281,1.3256,1.3047,1.2806,1.2602,1.339,1.3235,1.298,1.2761,1.2583,1.2436,1.2315,1.2211,1.3742,1.3582,1.3803,1.3492,1.3937,1.3656,1.3375,1.3148,1.4128,1.3863,1.3577,1.3346,1.436,1.4213,1.3905,1.451,1.4403,1.41,1.3843,1.4729,1.4608,1.43,1.4043,1.4985,1.4876,1.4556,1.4291,1.4084,1.538,1.5036,1.4727,1.449,1.5904,1.5879,1.5483,1.5173,1.6447,1.6462,1.6048,1.5728,1.549,1.7299,1.7634,1.7154,1.6805,1.8765,1.9655
1,1,0.99998,1,0.99998,1,0.99999,1,1,0.99999,0.99998,0.99999,1,1,0.99998,1,0.99999,0.99997,0.99994,0.99997,0.99994,0.99997,0.99995,0.99992,0.99995,0.99998,0.99996,0.99993,0.99989,0.99985,0.9998,0.99975,0.99969,0.99962,0.99955,0.99948,0.99941,0.99933,0.99947,0.99958,0.99951,0.99944,0.99936,0.99928,0.9992,0.99911,0.99902,0.99893,0.99912,0.99903,0.99894,0.99884,0.99875,0.99865,0.99856,0.99846,0.99836,0.99826,0.99816,0.99806,0.99796,0.99786,0.99776,0.99765,0.99796,0.99824,0.99849,0.99873,0.99863,0.99853,0.99876,0.99866,0.99856,0.99846,0.99836,0.99825,0.99815,0.99842,0.99831,0.99821,0.99811,0.99838,0.99863,0.99886,0.99906,0.99925,0.99915,0.99933,0.99924,0.9994,0.99954,0.99966,0.99959,0.9997,0.9998,0.99988,0.99994,0.99999,0.99995,1,1,1,0.99997,0.99992,0.99998,0.99993,0.99988,0.99983,0.99976,0.99985,0.99979,0.99972,0.99965,0.99976,0.99969,0.99979,0.99972,0.99965,0.99957,0.99948,0.9994,0.99954,0.99967,0.99977,0.99986,0.9998,0.99973,0.99983,0.99991,0.99997,1,1.0001,1.0001,1.0001,1.0001,1.0001,1.0001,1.0001,1.0001,1.0001,1,0.99999,1,1.0001,1.0001,1.0001,1.0001,1.0001,1.0001,1,1.0001,1,1,1.0001,1,0.99998,0.99994,0.99988,0.99982,0.99975,0.99968,0.99978,0.99987,0.99995,1,1,1.0001,1,1.0001,1.0001,1.0001,1,1.0001,1.0001,1.0001,1.0001,1.0001,1.0001,1,1,0.99995,0.9999,0.99984,0.99977,0.99969,0.99961,0.99952,0.99943,0.99933,0.99923,0.99912,0.99901,0.9989,0.99878,0.99867,0.99854,0.99842,0.99869,0.99857,0.99882,0.9987,0.99894,0.99882,0.9987,0.99894,0.99915,0.99904,0.99924,0.99913,0.99932,0.99949,0.99964,0.99954,0.99945,0.99935,0.99924,0.99913,0.99902,0.99923,0.99912,0.999,0.99888,0.99876,0.99864,0.99889,0.99877,0.99865,0.99852,0.99839,0.99826,0.99855,0.99842,0.9987,0.99895,0.99883,0.9987,0.99895,0.99883,0.9987,0.99895,0.99883,0.99907,0.99927,0.99946,0.99961,0.99975,0.99986,0.99995,0.99988,0.99997,1,1.0001,1,1.0001,1.0001,1.0001,1.0001,1.0001,1.0001,1.0001,1.0001,1.0001,1.0001,1.0001,1.0001,1.0001,1.0001,1,0.99996,0.9999,0.99983,0.99974,0.99965,0.99978,0.9997,0.99982,0.99992,0.99984,0.99976,0.99967,0.99958,0.99972,0.99984,0.99994,1,0.99995,1,1.0001,1,1.0001,1.0001,1.0001,1.0001,1.0001,1.0001,1.0001,1.0001,1.0001,1.0001,1.0001,1,1.0001,1.0001,1.0001,1.0001,1.0001,1.0001,1.0001,1.0001,1.0001,1.0001,1.0001,1,0.99998,1,0.99999,0.99992,0.99985,0.99995,0.99987
1,0.9864,0.95977,0.98686,0.97541,0.98474,0.98108,0.98453,0.9649,0.94424,0.92637,0.98917,0.9791,0.96054,0.94333,0.99422,0.9824,0.96533,0.94981,0.99871,0.98773,1,0.99596,0.98132,1.0039,0.99343,1.0047,0.99322,0.97949,0.96716,0.95671,0.94795,0.94059,0.93436,0.92903,0.92444,0.92045,0.91694,0.99836,0.98842,1.0076,0.99702,0.98467,0.97367,0.96436,0.95654,0.94995,0.94435,1.0092,1.0017,0.99024,0.97982,0.97097,0.96352,0.95725,0.95191,0.94733,0.94336,0.9399,0.93685,0.93415,0.93174,0.92957,0.92761,1.0093,1.0003,0.99146,0.98396,1.0376,1.0294,1.0406,1.0377,1.0265,1.0155,1.0059,0.99782,0.99103,1.0434,1.0361,1.0254,1.0157,1.0502,1.0435,1.033,1.0232,1.0149,1.0544,1.0476,1.0558,1.0534,1.0437,1.034,1.06,1.0541,1.0444,1.0354,1.0276,1.0211,1.0631,1.0569,1.0477,1.068,1.0613,1.052,1.0711,1.0663,1.0573,1.0487,1.0413,1.0745,1.0687,1.0599,1.0518,1.0792,1.0737,1.0798,1.078,1.0697,1.0613,1.054,1.0477,1.0836,1.0781,1.0698,1.0621,1.0887,1.0832,1.0896,1.0824,1.0741,1.0667,1.0604,1.055,1.0505,1.093,1.0883,1.0947,1.0932,1.0853,1.0774,1.0704,1.0645,1.0991,1.0937,1.0857,1.0784,1.1043,1.0994,1.0914,1.084,1.1084,1.1036,1.0957,1.1115,1.1076,1.0997,1.0922,1.0858,1.0803,1.0756,1.0717,1.1147,1.1086,1.101,1.0942,1.0885,1.0836,1.1226,1.1181,1.1102,1.1273,1.1213,1.1285,1.1217,1.1303,1.1277,1.12,1.1124,1.1058,1.1002,1.0955,1.0916,1.0882,1.0852,1.0827,1.0804,1.0785,1.0767,1.0751,1.0737,1.0724,1.0712,1.0701,1.0692,1.0682,1.0674,1.0666,1.1363,1.1799,1.2313,1.266,1.2852,1.2919,1.2805,1.302,1.2918,1.3053,1.3022,1.3054,1.3051,1.2942,1.2835,1.3132,1.3043,1.2936,1.2843,1.2765,1.2702,1.3222,1.3188,1.3083,1.2987,1.2907,1.2841,1.3345,1.3311,1.3207,1.3112,1.3032,1.2967,1.3469,1.3437,1.3491,1.339,1.3545,1.3452,1.3574,1.3548,1.3447,1.362,1.3585,1.362,1.3525,1.343,1.3348,1.3281,1.3225,1.3179,1.3729,1.3729,1.3632,1.3544,1.3872,1.3835,1.3736,1.393,1.3896,1.3798,1.3977,1.3944,1.3847,1.4022,1.3936,1.3842,1.3761,1.4102,1.4068,1.3973,1.3886,1.3814,1.3755,1.3706,1.3665,1.4231,1.4259,1.431,1.4214,1.4381,1.4291,1.4196,1.4114,1.4472,1.4385,1.4291,1.4213,1.4585,1.4559,1.4461,1.4656,1.4629,1.4531,1.4441,1.4738,1.4707,1.461,1.4522,1.4826,1.4798,1.4701,1.4614,1.4541,1.4937,1.4849,1.476,1.4685,1.5077,1.5061,1.4963,1.4875,1.5193,1.5169,1.5071,1.4982,1.4908,1.5317,1.5306,1.5207,1.5119,1.5443,1.5422
1,0.98781,0.96287,0.98908,0.97816,0.9872,0.98375,0.98714,0.96692,0.94542,0.92662,0.99383,0.98247,0.96267,0.94427,1.0004,0.98797,0.96943,0.95241,1.0064,0.99469,1.0077,1.0035,0.98728,1.0125,1.0005,1.0136,1.0006,0.98508,0.97111,0.95924,0.94928,0.94091,0.93382,0.92776,0.92254,0.918,0.91403,1.0077,0.99621,1.0203,1.0084,0.99445,0.98203,0.97151,0.96267,0.95522,0.9489,1.0234,1.0157,1.0027,0.99088,0.98079,0.97231,0.96516,0.95909,0.95389,0.94939,0.94548,0.94204,0.939,0.93629,0.93387,0.93169,1.0237,1.0141,1.0049,0.99716,1.0591,1.0495,1.0635,1.0601,1.0478,1.0357,1.0251,1.0162,1.0087,1.0674,1.0598,1.0481,1.0373,1.0752,1.0676,1.056,1.0453,1.0362,1.0804,1.0731,1.0818,1.0794,1.0687,1.058,1.0867,1.0803,1.0697,1.0598,1.0512,1.044,1.0905,1.084,1.0739,1.0958,1.0884,1.0783,1.0995,1.0943,1.0845,1.0751,1.0671,1.1034,1.0973,1.0877,1.0789,1.1086,1.1028,1.1092,1.1074,1.0984,1.0894,1.0815,1.0748,1.1135,1.1075,1.0986,1.0905,1.1192,1.1132,1.1202,1.1126,1.1038,1.096,1.0893,1.0837,1.0789,1.1239,1.1193,1.1256,1.1242,1.116,1.1077,1.1005,1.0944,1.1304,1.1247,1.1165,1.109,1.1359,1.131,1.1228,1.1152,1.1402,1.1354,1.1273,1.1433,1.1394,1.1315,1.1239,1.1173,1.1117,1.107,1.103,1.1465,1.1403,1.1328,1.1261,1.1204,1.1156,1.1545,1.1503,1.1426,1.1593,1.1533,1.1604,1.1538,1.1622,1.1597,1.1522,1.1448,1.1383,1.1328,1.1282,1.1243,1.121,1.1181,1.1156,1.1134,1.1115,1.1098,1.1083,1.1069,1.1057,1.1046,1.1035,1.1026,1.1017,1.1009,1.1002,1.1648,1.2066,1.2548,1.2892,1.3105,1.3188,1.3095,1.3287,1.3203,1.3314,1.3287,1.3315,1.3311,1.3219,1.3127,1.3378,1.3304,1.3212,1.313,1.3061,1.3004,1.3447,1.341,1.332,1.3238,1.3168,1.3109,1.354,1.3504,1.3415,1.3333,1.3264,1.3206,1.3633,1.3598,1.3648,1.3564,1.3689,1.3612,1.371,1.3686,1.36,1.3745,1.3712,1.3745,1.3664,1.3581,1.3508,1.3447,1.3397,1.3355,1.382,1.3804,1.3722,1.3646,1.3919,1.3881,1.3797,1.3961,1.3929,1.3846,1.3996,1.3964,1.3882,1.4029,1.396,1.3879,1.3808,1.4085,1.4048,1.3968,1.3894,1.3831,1.3779,1.3735,1.3699,1.4166,1.4163,1.4203,1.4126,1.4251,1.418,1.4101,1.4031,1.4311,1.4244,1.4166,1.4098,1.438,1.4347,1.4268,1.4424,1.4395,1.4316,1.4242,1.4477,1.4443,1.4365,1.4292,1.4533,1.45,1.4423,1.4351,1.429,1.4601,1.4535,1.4461,1.4396,1.4681,1.4651,1.4574,1.4503,1.4746,1.4714,1.4637,1.4566,1.4506,1.4816,1.4787,1.4711,1.4641,1.4884,1.4854
1,0.99994,0.99976,0.99994,0.99978,0.99994,0.99979,0.99994,0.9999,0.99968,0.9993,0.99973,0.99991,0.99985,0.9996,0.99987,0.99964,0.99924,0.99868,0.9994,0.99889,0.99952,0.99906,0.99846,0.99926,0.99971,0.99936,0.99884,0.99819,0.99742,0.99658,0.99566,0.9947,0.99371,0.99269,0.99166,0.99062,0.98959,0.99256,0.99494,0.99395,0.99293,0.9919,0.99086,0.98981,0.98877,0.98773,0.98671,0.99023,0.98918,0.98814,0.98711,0.98609,0.98508,0.98409,0.98312,0.98217,0.98124,0.98032,0.97943,0.97855,0.9777,0.97686,0.97605,0.98116,0.98557,0.98922,0.99211,0.99106,0.98999,0.99272,0.99167,0.9906,0.98952,0.98844,0.98736,0.98629,0.98981,0.98872,0.98763,0.98656,0.99004,0.99282,0.99491,0.9964,0.99735,0.99672,0.99754,0.99698,0.99768,0.99798,0.99795,0.99798,0.99795,0.99766,0.99717,0.9965,0.9957,0.99689,0.99616,0.99532,0.99664,0.99748,0.99793,0.99758,0.99797,0.99802,0.99781,0.99737,0.99788,0.99749,0.99691,0.99618,0.9972,0.99654,0.99743,0.99683,0.99608,0.99523,0.99428,0.99328,0.99517,0.99653,0.99741,0.99789,0.99752,0.99695,0.99766,0.99798,0.99799,0.99772,0.99725,0.9966,0.99582,0.99696,0.99625,0.99724,0.99659,0.9958,0.99491,0.99394,0.99291,0.99489,0.99634,0.99729,0.99782,0.99741,0.99787,0.99799,0.99782,0.99799,0.99784,0.99745,0.99789,0.99754,0.99699,0.99629,0.99546,0.99453,0.99353,0.99248,0.99456,0.99609,0.99712,0.99771,0.99793,0.99785,0.99793,0.99785,0.99752,0.99789,0.99792,0.99789,0.9976,0.99791,0.99765,0.99717,0.99652,0.99573,0.99484,0.99386,0.99282,0.99174,0.99062,0.98949,0.98835,0.98721,0.98607,0.98494,0.98382,0.98271,0.98162,0.98055,0.9795,0.97847,0.97745,0.97646,0.98135,0.98028,0.98462,0.98349,0.98728,0.98613,0.98498,0.98849,0.99126,0.99015,0.99251,0.99145,0.99347,0.99487,0.99573,0.99514,0.99438,0.99349,0.9925,0.99145,0.99035,0.99262,0.99157,0.99047,0.98934,0.98818,0.98701,0.99004,0.9889,0.98773,0.98656,0.98539,0.98422,0.9878,0.98662,0.98974,0.99216,0.99108,0.98996,0.99232,0.99125,0.99013,0.99246,0.9914,0.99341,0.99482,0.99571,0.99615,0.99623,0.99601,0.99554,0.99608,0.99566,0.99504,0.99426,0.99536,0.99465,0.99381,0.99507,0.99429,0.99339,0.99479,0.99396,0.99302,0.99454,0.99554,0.9961,0.99628,0.99612,0.99628,0.99613,0.99573,0.99512,0.99436,0.99347,0.99249,0.99415,0.99323,0.99468,0.99562,0.99498,0.99419,0.99328,0.99227,0.994,0.99519,0.99591,0.99623,0.99596,0.99624,0.99619,0.99624,0.99619,0.99588,0.99534,0.99599,0.99551,0.99484,0.99403,0.9952,0.99446,0.99359,0.99261,0.99156,0.99348,0.99483,0.99569,0.99613,0.99578,0.99617,0.99621,0.99596,0.99622,0.996,0.99554,0.99489,0.99408,0.99523,0.9945,0.99363,0.99267,0.99427,0.99337
1,0.99997,0.99987,0.99997,0.99988,0.99997,0.99988,0.99997,0.99995,0.99983,0.99962,0.99986,0.99995,0.99992,0.99978,0.99993,0.99981,0.99958,0.99927,0.99966,0.99938,0.99973,0.99947,0.99913,0.99958,0.99984,0.99964,0.99934,0.99896,0.99852,0.99803,0.9975,0.99694,0.99636,0.99576,0.99514,0.99452,0.9939,0.99561,0.99699,0.99641,0.9958,0.99518,0.99456,0.99393,0.9933,0.99267,0.99205,0.99411,0.99348,0.99285,0.99222,0.9916,0.99098,0.99037,0.98977,0.98918,0.9886,0.98803,0.98747,0.98693,0.98639,0.98586,0.98535,0.98842,0.99107,0.99328,0.99505,0.99441,0.99376,0.99543,0.99479,0.99415,0.99349,0.99284,0.99218,0.99153,0.99366,0.993,0.99234,0.99168,0.9938,0.9955,0.99681,0.99776,0.99839,0.99799,0.99854,0.99817,0.99865,0.99888,0.99892,0.99889,0.99892,0.99879,0.99853,0.99817,0.99772,0.99836,0.99795,0.99746,0.99819,0.99866,0.9989,0.99871,0.99892,0.99894,0.99881,0.99855,0.99885,0.99862,0.99827,0.99784,0.99844,0.99804,0.99857,0.99821,0.99776,0.99724,0.99667,0.99606,0.99719,0.99801,0.99855,0.99886,0.99862,0.99827,0.99871,0.99892,0.99895,0.99881,0.99854,0.99817,0.9977,0.99836,0.99794,0.99851,0.99813,0.99765,0.99711,0.99652,0.99589,0.99707,0.99793,0.99851,0.99884,0.99859,0.99887,0.99896,0.99886,0.99896,0.99888,0.99865,0.9989,0.9987,0.99837,0.99795,0.99744,0.99687,0.99625,0.9956,0.99686,0.99778,0.99841,0.99878,0.99893,0.99889,0.99893,0.9989,0.99871,0.99891,0.99892,0.99891,0.99874,0.99892,0.99877,0.99848,0.99809,0.9976,0.99704,0.99643,0.99578,0.99509,0.99438,0.99365,0.99292,0.99217,0.99143,0.99069,0.98995,0.98922,0.98849,0.98778,0.98707,0.98638,0.9857,0.98503,0.98815,0.98744,0.99021,0.98947,0.9919,0.99115,0.9904,0.99267,0.99447,0.99375,0.9953,0.99461,0.99595,0.9969,0.99751,0.9971,0.99659,0.996,0.99536,0.99467,0.99395,0.99544,0.99475,0.99403,0.99329,0.99253,0.99176,0.99373,0.99298,0.99222,0.99144,0.99067,0.9899,0.99223,0.99146,0.9935,0.9951,0.99439,0.99365,0.99522,0.99451,0.99377,0.99532,0.99462,0.99596,0.99693,0.99756,0.99791,0.99802,0.99793,0.99767,0.99796,0.99773,0.99736,0.99689,0.99753,0.9971,0.99657,0.99733,0.99685,0.99628,0.99714,0.99661,0.99601,0.99695,0.99758,0.99793,0.99805,0.99795,0.99805,0.99796,0.99771,0.99732,0.99683,0.99626,0.99562,0.99667,0.99608,0.997,0.99761,0.99719,0.99667,0.99607,0.99541,0.99653,0.99731,0.99779,0.99802,0.99783,0.99803,0.99802,0.99803,0.99802,0.99783,0.9975,0.99789,0.99759,0.99716,0.99664,0.99738,0.9969,0.99633,0.99568,0.99499,0.99622,0.9971,0.99767,0.99797,0.99773,0.99799,0.99803,0.99788,0.99804,0.9979,0.99761,0.99719,0.99667,0.9974,0.99692,0.99635,0.9957,0.99674,0.99615
1,0.99925,0.99703,0.99904,0.99735,0.99884,0.99761,0.99868,0.99628,0.99194,0.98667,0.99601,0.99836,0.99643,0.99227,0.99791,0.99474,0.99001,0.98462,0.99529,0.99071,0.99756,0.994,0.98909,0.99713,0.99854,0.99755,0.99388,0.98897,0.98357,0.97811,0.97279,0.96771,0.96293,0.95845,0.95426,0.95035,0.9467,0.97352,0.98762,0.98274,0.97733,0.97189,0.96665,0.96169,0.95704,0.9527,0.94865,0.97418,0.96882,0.9637,0.95889,0.9544,0.95022,0.94633,0.9427,0.93933,0.93617,0.93322,0.93045,0.92786,0.92542,0.92312,0.92095,0.95597,0.97513,0.97933,0.9769,0.97967,0.97731,0.97987,0.97822,0.974,0.96865,0.96292,0.9572,0.95167,0.96993,0.96432,0.95862,0.95307,0.97084,0.97823,0.9787,0.97553,0.97065,0.97822,0.97439,0.97925,0.9764,0.97174,0.96631,0.9767,0.97214,0.96676,0.96114,0.9556,0.95028,0.96879,0.96328,0.95773,0.97279,0.97837,0.97796,0.9784,0.97811,0.97475,0.96991,0.96448,0.97549,0.97083,0.96548,0.95995,0.97353,0.96848,0.97718,0.9731,0.96797,0.96249,0.95702,0.95174,0.96938,0.97707,0.97794,0.97512,0.97831,0.97685,0.97827,0.97591,0.97162,0.96646,0.96103,0.95563,0.95043,0.968,0.96268,0.97402,0.96942,0.96414,0.95871,0.95341,0.94833,0.96697,0.97535,0.97657,0.97393,0.97687,0.97498,0.97091,0.96585,0.97487,0.97071,0.96563,0.97488,0.97067,0.96558,0.96021,0.95488,0.94974,0.94486,0.94027,0.96166,0.97212,0.97443,0.97229,0.96805,0.96294,0.9725,0.96824,0.96312,0.97269,0.97512,0.97351,0.96961,0.97482,0.97187,0.96735,0.96218,0.95683,0.95158,0.94653,0.94175,0.93726,0.93306,0.92913,0.92546,0.92204,0.91884,0.91584,0.91303,0.91039,0.90792,0.90558,0.90338,0.9013,0.89933,0.89746,0.93199,0.92768,0.95027,0.94492,0.95726,0.95266,0.94721,0.95842,0.9611,0.95942,0.96113,0.95996,0.96109,0.95848,0.95399,0.9605,0.96105,0.95818,0.95359,0.94826,0.94273,0.95592,0.95091,0.94546,0.93996,0.93463,0.92955,0.94899,0.94354,0.93811,0.93289,0.92794,0.9233,0.94553,0.94008,0.95444,0.95921,0.95653,0.95196,0.95884,0.95528,0.95038,0.95844,0.9545,0.95971,0.95948,0.95623,0.95151,0.94619,0.94072,0.93536,0.95149,0.94623,0.9408,0.93547,0.95171,0.94646,0.94103,0.95461,0.94964,0.94424,0.95622,0.95147,0.94614,0.95718,0.96045,0.95902,0.95516,0.96025,0.95733,0.9528,0.94759,0.94219,0.93686,0.93175,0.9269,0.94683,0.94149,0.95445,0.95867,0.95621,0.95185,0.94668,0.9413,0.95419,0.95881,0.95816,0.95471,0.95898,0.95642,0.95209,0.95842,0.95505,0.95035,0.94512,0.95586,0.95135,0.94619,0.94087,0.95401,0.94914,0.94387,0.93859,0.93346,0.95034,0.95769,0.9585,0.95578,0.95886,0.95689,0.95286,0.9479,0.9568,0.95271,0.94772,0.94245,0.9372,0.95195,0.94692,0.94165,0.93644,0.95172,0.94666
1,0.99783,0.99188,0.99722,0.99336,0.99665,0.99433,0.99627,0.99024,0.98134,0.97185,0.993,0.99555,0.98977,0.98125,0.99547,0.9893,0.98085,0.97207,0.99314,0.98575,0.99654,0.99151,0.98368,0.99651,0.99582,0.99653,0.99091,0.98319,0.97512,0.96739,0.96026,0.95376,0.94789,0.94258,0.93778,0.93344,0.92948,0.97183,0.984,0.9797,0.97249,0.96487,0.95759,0.95089,0.9448,0.93929,0.93431,0.97047,0.96319,0.95617,0.94972,0.94388,0.93859,0.93382,0.9295,0.92558,0.92201,0.91874,0.91575,0.91299,0.91044,0.90809,0.9059,0.95409,0.96574,0.96147,0.9544,0.96781,0.96717,0.96799,0.96761,0.96219,0.95515,0.94789,0.94096,0.93455,0.96037,0.9535,0.94648,0.93984,0.9629,0.96772,0.96416,0.95782,0.95085,0.96632,0.96062,0.96864,0.96477,0.9585,0.95168,0.96691,0.96131,0.95466,0.948,0.94171,0.93592,0.96108,0.95465,0.94812,0.96605,0.96865,0.96466,0.96922,0.96671,0.96112,0.95466,0.94821,0.96578,0.96001,0.95359,0.9473,0.96585,0.96004,0.96954,0.96538,0.95938,0.95302,0.94689,0.94118,0.96362,0.96909,0.96633,0.96078,0.96931,0.96832,0.96927,0.96521,0.95938,0.95318,0.94718,0.94157,0.93643,0.96077,0.9548,0.96721,0.96256,0.9566,0.95052,0.94473,0.93938,0.96216,0.96785,0.96526,0.9599,0.96813,0.96436,0.95871,0.95266,0.96668,0.96163,0.95568,0.9679,0.96319,0.95733,0.95138,0.94571,0.94047,0.93567,0.93131,0.95827,0.96591,0.96382,0.95865,0.95273,0.94687,0.96369,0.95834,0.95242,0.96586,0.96723,0.96647,0.96192,0.96788,0.96483,0.95955,0.95368,0.9479,0.94246,0.93745,0.93287,0.92871,0.92492,0.92147,0.91832,0.91544,0.91279,0.91036,0.90811,0.90602,0.90409,0.90229,0.9006,0.89903,0.89755,0.89617,0.93796,0.93266,0.95014,0.94555,0.95216,0.94924,0.94367,0.95259,0.95177,0.95259,0.95211,0.95258,0.95231,0.94793,0.94211,0.95245,0.95268,0.94848,0.94276,0.93675,0.93095,0.94901,0.94349,0.93755,0.93179,0.92642,0.9215,0.94542,0.93963,0.93383,0.92838,0.92336,0.91879,0.94467,0.93886,0.95187,0.95234,0.95226,0.94789,0.95346,0.95056,0.9453,0.95338,0.94963,0.95398,0.95159,0.94656,0.94075,0.93493,0.92943,0.92434,0.94633,0.94068,0.93495,0.92952,0.94894,0.94346,0.93765,0.95217,0.9472,0.94141,0.95365,0.94902,0.94331,0.95451,0.95511,0.95115,0.94565,0.95528,0.95116,0.94563,0.93985,0.93429,0.9291,0.92435,0.92001,0.94549,0.93986,0.95281,0.95344,0.95325,0.94897,0.9434,0.93763,0.95207,0.95432,0.951,0.94573,0.95436,0.95052,0.94511,0.9545,0.95047,0.94503,0.93933,0.95321,0.94833,0.94271,0.9371,0.95285,0.94777,0.94212,0.93658,0.93139,0.95111,0.95579,0.95324,0.94823,0.95599,0.95243,0.94714,0.94148,0.95462,0.94988,0.9443,0.93871,0.93342,0.9521,0.94678,0.94117,0.93578,0.95349,0.94826
1,0.99997,0.99989,0.99998,0.9999,0.99998,0.99991,0.99998,0.99997,0.9999,0.99976,0.99992,0.99998,0.99995,0.99986,0.99996,0.99987,0.99971,0.99949,0.99976,0.99955,0.9998,0.99961,0.99936,0.99967,0.99987,0.99971,0.99949,0.99921,0.99888,0.99851,0.99811,0.99768,0.99723,0.99675,0.99627,0.99577,0.99526,0.99646,0.99745,0.99698,0.9965,0.996,0.99549,0.99498,0.99446,0.99394,0.99342,0.99491,0.99439,0.99387,0.99334,0.99282,0.9923,0.99178,0.99126,0.99075,0.99025,0.98975,0.98925,0.98877,0.98829,0.98781,0.98735,0.98961,0.99162,0.99335,0.99482,0.9943,0.99376,0.99517,0.99464,0.99411,0.99358,0.99304,0.99251,0.99197,0.99367,0.99313,0.99259,0.99206,0.99375,0.99518,0.99635,0.99728,0.99799,0.99759,0.99822,0.99784,0.99841,0.99879,0.99902,0.99884,0.99905,0.99912,0.99908,0.99895,0.99873,0.99899,0.99879,0.99852,0.99886,0.99906,0.99913,0.99907,0.99913,0.99909,0.99895,0.99873,0.99899,0.99879,0.99852,0.99819,0.99864,0.99833,0.99874,0.99846,0.99811,0.99772,0.99729,0.99683,0.99763,0.99824,0.99868,0.99896,0.99875,0.99846,0.99883,0.99905,0.99913,0.99911,0.99899,0.99879,0.99851,0.99886,0.9986,0.99892,0.99868,0.99838,0.99802,0.99762,0.99718,0.9979,0.99844,0.99882,0.99904,0.99886,0.99906,0.99914,0.9991,0.99914,0.99911,0.99898,0.99912,0.999,0.99879,0.99852,0.99818,0.99779,0.99736,0.99689,0.99768,0.99828,0.99871,0.99898,0.99911,0.99913,0.99911,0.99913,0.99903,0.99913,0.99911,0.99913,0.99904,0.99913,0.99905,0.99888,0.99863,0.99832,0.99794,0.99753,0.99707,0.99658,0.99607,0.99553,0.99499,0.99442,0.99385,0.99328,0.9927,0.99212,0.99154,0.99096,0.99038,0.98981,0.98924,0.98868,0.99077,0.9902,0.9921,0.99151,0.99323,0.99264,0.99206,0.99369,0.99505,0.99449,0.99571,0.99517,0.99625,0.9971,0.99772,0.99734,0.9969,0.99642,0.99591,0.99537,0.99482,0.99597,0.99543,0.99488,0.99431,0.99373,0.99315,0.9946,0.99402,0.99344,0.99284,0.99225,0.99165,0.99335,0.99275,0.99427,0.99553,0.99498,0.99441,0.99564,0.99509,0.99452,0.99574,0.99519,0.99627,0.99713,0.99776,0.9982,0.99848,0.9986,0.99859,0.9986,0.99859,0.99847,0.99826,0.9985,0.99831,0.99803,0.99837,0.99812,0.99779,0.99822,0.99792,0.99755,0.99806,0.99839,0.99857,0.99862,0.99858,0.99862,0.99855,0.99838,0.99812,0.9978,0.99741,0.99697,0.99764,0.99723,0.99783,0.99824,0.99795,0.99758,0.99716,0.9967,0.99744,0.99798,0.99834,0.99855,0.99838,0.99857,0.99862,0.99857,0.99862,0.99855,0.99839,0.99857,0.99842,0.99817,0.99786,0.99827,0.99797,0.99761,0.9972,0.99673,0.99746,0.998,0.99835,0.99856,0.99839,0.99857,0.99862,0.99855,0.99862,0.99856,0.99839,0.99814,0.99782,0.99824,0.99794,0.99757,0.99715,0.99777,0.99737
1,1,1,1,1,1,1,1,1,1,1,1,1,1,1,1,1,0.99999,0.99999,0.99999,0.99999,0.99999,0.99999,0.99998,0.99999,1,0.99999,0.99999,0.99998,0.99997,0.99996,0.99995,0.99994,0.99993,0.99991,0.9999,0.99989,0.99987,0.99989,0.99991,0.9999,0.99989,0.99987,0.99985,0.99984,0.99982,0.9998,0.99979,0.99982,0.9998,0.99978,0.99976,0.99974,0.99972,0.9997,0.99968,0.99966,0.99964,0.99962,0.9996,0.99957,0.99955,0.99953,0.99951,0.99956,0.99961,0.99965,0.99969,0.99967,0.99965,0.99969,0.99967,0.99965,0.99963,0.99961,0.99959,0.99956,0.99961,0.99959,0.99957,0.99954,0.99959,0.99964,0.99969,0.99973,0.99977,0.99975,0.99978,0.99976,0.9998,0.99984,0.99987,0.99985,0.99988,0.99991,0.99994,0.99996,0.99998,0.99997,0.99999,1,0.99999,0.99998,0.99996,0.99999,0.99997,0.99996,0.99994,0.99992,0.99995,0.99993,0.99991,0.99989,0.99992,0.99991,0.99993,0.99992,0.9999,0.99988,0.99986,0.99984,0.99987,0.9999,0.99993,0.99996,0.99994,0.99992,0.99995,0.99997,1,1,1,1.0001,1.0001,1.0001,1.0001,1.0001,1.0001,1.0001,1.0001,1.0001,1.0001,1.0001,1.0001,1.0001,1.0001,1.0001,1.0001,1.0001,1.0001,1.0001,1.0001,1,1.0001,1.0001,1,1,1,1,0.99998,0.99996,0.99999,1,1,1,1.0001,1.0001,1.0001,1.0001,1.0001,1.0001,1.0001,1.0001,1.0001,1.0001,1.0001,1.0001,1.0001,1.0001,1.0001,1.0001,1.0001,1.0001,1.0001,1.0001,1.0001,1.0001,1.0001,1.0001,1.0001,1.0001,1,1,1,1,0.99999,0.99997,0.99999,0.99998,1,0.99998,1,0.99999,0.99997,1,1,1,1,1,1,1,1.0001,1.0001,1,1,1,0.99999,0.99997,1,0.99998,0.99996,0.99994,0.99992,0.9999,0.99993,0.99991,0.99989,0.99987,0.99985,0.99982,0.99986,0.99984,0.99987,0.99991,0.99989,0.99986,0.9999,0.99988,0.99985,0.99989,0.99987,0.9999,0.99993,0.99996,0.99999,1,1,1.0001,1,1.0001,1.0001,1.0001,1.0001,1.0001,1.0001,1.0001,1.0001,1.0001,1.0001,1.0001,1.0001,1.0001,1.0001,1.0001,1.0001,1.0001,1.0001,1.0001,1.0001,1.0001,1,1,1,1,1,1,1.0001,1,1,1,0.99999,1,1,1.0001,1.0001,1.0001,1.0001,1.0001,1.0001,1.0001,1.0001,1.0001,1.0001,1.0001,1.0001,1.0001,1.0001,1.0001,1.0001,1.0001,1.0001,1.0001,1.0001,1.0001,1.0001,1.0001,1.0001,1.0001,1.0001,1.0001,1.0001,1.0001,1.0001,1.0001,1.0001,1.0001,1.0001,1.0001,1.0001,1.0001
1,0.99231,0.97388,0.99289,0.98273,0.99157,0.987,0.99109,0.97037,0.94557,0.92205,0.99834,0.991,0.96573,0.93927,1.0076,0.98731,0.95937,0.9327,1.0153,0.99266,1.021,1.0097,0.98126,1.0267,1.0092,1.027,1.0035,0.97353,0.94525,0.92032,0.89867,0.87987,0.86343,0.84893,0.83605,0.8245,0.81407,1.0244,1.0114,1.0331,1.0011,0.96459,0.93175,0.90355,0.87946,0.85879,0.84086,1.0283,0.99487,0.95826,0.92604,0.8986,0.87524,0.85518,0.83777,0.8225,0.80897,0.79689,0.786,0.77613,0.76711,0.75883,0.75118,1.0462,1.0172,0.97173,0.93171,1.0879,1.07,1.0893,1.0825,1.0413,0.99919,0.96254,0.93158,0.90546,1.0812,1.0452,1.0053,0.9702,1.1022,1.0883,1.0492,1.0111,0.97807,1.1095,1.0777,1.1187,1.1037,1.0669,1.0305,1.1254,1.0983,1.0616,1.0277,0.99845,0.97352,1.1266,1.095,1.0584,1.1467,1.1267,1.09,1.155,1.1336,1.0975,1.063,1.0331,1.1586,1.1292,1.0931,1.0604,1.1731,1.145,1.1791,1.1666,1.1315,1.0965,1.0658,1.0396,1.1829,1.1707,1.1348,1.0998,1.1989,1.1808,1.1993,1.1681,1.132,1.0993,1.0713,1.0475,1.027,1.203,1.1716,1.2174,1.2031,1.1659,1.1295,1.0978,1.071,1.2233,1.209,1.1713,1.1351,1.2402,1.2128,1.1747,1.1397,1.2516,1.2235,1.1856,1.2636,1.2405,1.203,1.1678,1.1375,1.1119,1.09,1.0712,1.2678,1.2494,1.2096,1.1726,1.1412,1.1148,1.2885,1.2554,1.2147,1.3096,1.2833,1.311,1.2764,1.3185,1.3034,1.265,1.2277,1.1955,1.1682,1.1452,1.1255,1.1084,1.0935,1.0803,1.0685,1.0579,1.0483,1.0395,1.0315,1.024,1.0171,1.0107,1.0047,0.99903,0.99371,0.98868,1.4181,1.4586,1.5275,1.5334,1.5453,1.5478,1.4843,1.5733,1.5239,1.5784,1.5615,1.5769,1.5734,1.5241,1.4767,1.6013,1.5659,1.5182,1.4765,1.442,1.4136,1.6242,1.5927,1.5444,1.5022,1.4676,1.4391,1.6597,1.6283,1.5783,1.5349,1.4993,1.4702,1.6979,1.6667,1.7048,1.6564,1.7228,1.6786,1.7324,1.7178,1.6699,1.7492,1.7294,1.7483,1.7042,1.6598,1.6224,1.5917,1.5662,1.5448,1.7982,1.7765,1.7252,1.6805,1.8458,1.8189,1.7664,1.8689,1.8477,1.7962,1.8889,1.8692,1.8189,1.909,1.8644,1.8162,1.7757,1.9453,1.9221,1.871,1.8264,1.7901,1.7606,1.7362,1.7158,2.0246,2.0226,2.0551,1.9939,2.0938,2.0365,1.9805,1.9353,2.1462,2.0897,2.034,1.9894,2.216,2.2017,2.1388,2.2638,2.2505,2.1883,2.1351,2.323,2.3116,2.249,2.1961,2.3941,2.3876,2.3233,2.2693,2.2272,2.4992,2.4339,2.3776,2.3342,2.6564,2.7062,2.6275,2.5656,2.8703,2.9351,2.8497,2.7842,2.7358,3.1909,3.5176,3.4407,3.3864,4.3544,7.047
1,0.98632,0.95955,0.98685,0.97536,0.98472,0.98107,0.98453,0.96475,0.94396,0.92599,0.98933,0.97908,0.96038,0.94308,0.99449,0.98262,0.96543,0.94981,0.9991,0.98808,1.0004,0.99634,0.98159,1.0043,0.99375,1.0052,0.99359,0.97977,0.96736,0.95686,0.94805,0.94066,0.9344,0.92906,0.92445,0.92044,0.91692,0.99894,0.98889,1.0085,0.99787,0.98545,0.97441,0.96506,0.95721,0.9506,0.94499,1.0103,1.0029,0.99132,0.98085,0.97196,0.96448,0.95818,0.95282,0.94823,0.94425,0.94078,0.93773,0.93503,0.93261,0.93045,0.92849,1.0105,1.0015,0.99273,0.98529,1.0395,1.0311,1.0426,1.0396,1.0285,1.0174,1.0078,0.99974,0.99295,1.0455,1.0383,1.0276,1.0179,1.0524,1.0456,1.0351,1.0254,1.017,1.0567,1.0499,1.0581,1.0558,1.0461,1.0364,1.0624,1.0565,1.0468,1.0378,1.03,1.0235,1.0656,1.0594,1.0502,1.0704,1.0637,1.0544,1.0736,1.0688,1.0598,1.0512,1.0438,1.077,1.0713,1.0625,1.0544,1.0817,1.0764,1.0824,1.0806,1.0723,1.0639,1.0566,1.0504,1.0863,1.0807,1.0724,1.0648,1.0914,1.0859,1.0923,1.0851,1.0769,1.0695,1.0632,1.0579,1.0534,1.0958,1.0913,1.0975,1.0961,1.0882,1.0803,1.0734,1.0675,1.102,1.0966,1.0886,1.0814,1.1072,1.1024,1.0945,1.0871,1.1114,1.1067,1.0988,1.1144,1.1106,1.1028,1.0954,1.0889,1.0835,1.0789,1.075,1.1177,1.1116,1.1041,1.0974,1.0917,1.0869,1.1257,1.1214,1.1136,1.1305,1.1244,1.1316,1.1249,1.1334,1.1309,1.1232,1.1157,1.1092,1.1037,1.0991,1.0951,1.0918,1.0889,1.0863,1.0841,1.0822,1.0804,1.0789,1.0775,1.0762,1.075,1.074,1.073,1.0721,1.0713,1.0705,1.1394,1.1839,1.2369,1.2744,1.2969,1.3053,1.294,1.3165,1.3061,1.32,1.317,1.3202,1.3199,1.309,1.2983,1.3283,1.3192,1.3085,1.2992,1.2915,1.2851,1.3377,1.3346,1.3241,1.3145,1.3065,1.2999,1.3506,1.3475,1.3371,1.3275,1.3196,1.3131,1.3636,1.3607,1.366,1.3558,1.3716,1.3622,1.3747,1.3721,1.3619,1.3793,1.3759,1.3794,1.3699,1.3603,1.3522,1.3455,1.34,1.3354,1.3908,1.3913,1.3817,1.3729,1.406,1.4025,1.3926,1.412,1.4088,1.3989,1.4168,1.4137,1.404,1.4215,1.4129,1.4035,1.3954,1.4298,1.4266,1.4171,1.4085,1.4013,1.3954,1.3905,1.3864,1.4434,1.447,1.4523,1.4426,1.4597,1.4507,1.4411,1.433,1.4692,1.4604,1.4511,1.4433,1.4812,1.4789,1.4691,1.4887,1.4861,1.4763,1.4673,1.4972,1.4944,1.4847,1.4759,1.5065,1.5039,1.4942,1.4854,1.4782,1.5181,1.5092,1.5004,1.493,1.5328,1.5317,1.522,1.5132,1.5453,1.5432,1.5334,1.5245,1.5171,1.5583,1.5577,1.5479,1.539,1.5717,1.57
1,1,1,1,1,1,1,1,1,1,1,1,1,1,1,1,1,1,1,1,1,1,1,0.99999,1,1,1,0.99999,0.99999,0.99999,0.99998,0.99998,0.99998,0.99997,0.99997,0.99996,0.99995,0.99995,0.99996,0.99996,0.99996,0.99995,0.99995,0.99994,0.99993,0.99993,0.99992,0.99991,0.99992,0.99992,0.99991,0.9999,0.99989,0.99989,0.99988,0.99987,0.99986,0.99985,0.99984,0.99983,0.99983,0.99982,0.99981,0.9998,0.99982,0.99984,0.99985,0.99987,0.99986,0.99985,0.99987,0.99986,0.99985,0.99984,0.99983,0.99982,0.99981,0.99983,0.99982,0.99982,0.99981,0.99983,0.99984,0.99986,0.99988,0.99989,0.99989,0.9999,0.99989,0.99991,0.99992,0.99994,0.99993,0.99994,0.99996,0.99997,0.99998,0.99999,0.99998,0.99999,1,1,0.99999,0.99998,0.99999,0.99999,0.99998,0.99997,0.99996,0.99997,0.99997,0.99996,0.99995,0.99996,0.99996,0.99997,0.99996,0.99995,0.99994,0.99994,0.99993,0.99994,0.99996,0.99997,0.99998,0.99997,0.99996,0.99998,0.99999,1,1,1,1,1,1,1,1,1,1,1.0001,1.0001,1.0001,1.0001,1.0001,1,1,1.0001,1,1,1,1,1,1,1,1,1,1,1,1,1,0.99999,1,1,1,1,1,1,1,1,1.0001,1,1,1.0001,1.0001,1.0001,1.0001,1.0001,1.0001,1.0001,1.0001,1.0001,1.0001,1.0001,1.0001,1.0001,1.0001,1.0001,1.0001,1.0001,1.0001,1.0001,1.0001,1.0001,1.0001,1.0001,1.0001,1.0001,1.0001,1.0001,1.0001,1.0001,1.0001,1.0001,1.0001,1.0001,1.0001,1.0001,1.0001,1.0001,1.0001,1.0001,1.0001,1.0001,1.0001,1.0001,1.0001,1.0001,1.0001,1.0001,1.0001,1.0001,1.0001,1.0001,1,1.0001,1,1,1,1,1,1,1,1,1,1,1,1,1,1,1,1,1,1,1.0001,1.0001,1.0001,1.0001,1.0001,1.0001,1.0001,1.0001,1.0001,1.0001,1.0001,1.0001,1.0001,1.0001,1.0001,1.0001,1.0001,1.0001,1.0001,1.0001,1.0001,1.0001,1.0001,1.0001,1.0001,1.0001,1.0001,1.0001,1.0001,1.0001,1.0001,1.0001,1.0001,1.0001,1.0001,1.0001,1.0001,1,1.0001,1.0001,1.0001,1.0001,1.0001,1.0001,1.0001,1.0001,1.0001,1.0001,1.0001,1.0001,1.0001,1.0001,1.0001,1.0001,1.0001,1.0001,1.0001,1.0001,1.0001,1.0001,1.0001,1.0001,1.0001,1.0001,1.0001,1.0001,1.0001,1.0001,1.0001,1.0001,1.0001,1.0001,1.0001,1.0001,1.0001,1.0001,1.0001
1,0.99894,0.99591,0.99861,0.99641,0.99832,0.9968,0.9981,0.99495,0.98958,0.9833,0.995,0.9976,0.99501,0.98997,0.99706,0.99332,0.98788,0.98186,0.99431,0.98924,0.9968,0.993,0.98767,0.9964,0.99747,0.99674,0.99288,0.98767,0.98204,0.97644,0.97108,0.96604,0.96135,0.95702,0.95302,0.94932,0.94591,0.97328,0.9863,0.98175,0.97648,0.97117,0.96608,0.96131,0.95688,0.95278,0.94901,0.9736,0.9685,0.96365,0.95912,0.95494,0.95109,0.94754,0.94426,0.94123,0.93842,0.93581,0.93339,0.93114,0.92903,0.92706,0.92521,0.95727,0.97266,0.97435,0.97112,0.9752,0.97362,0.97524,0.9742,0.97056,0.96586,0.96083,0.95585,0.95109,0.96733,0.96249,0.95758,0.95283,0.96827,0.97393,0.97358,0.97035,0.96592,0.97338,0.9699,0.97447,0.97193,0.96787,0.96323,0.97247,0.9686,0.96406,0.95939,0.95482,0.95049,0.96642,0.96188,0.95731,0.96982,0.97381,0.97283,0.9738,0.97314,0.97006,0.96593,0.96145,0.97121,0.96735,0.96296,0.95851,0.97,0.96593,0.97293,0.96972,0.96559,0.96121,0.95686,0.95271,0.96715,0.97281,0.97286,0.97015,0.97342,0.97243,0.97337,0.97125,0.96767,0.96353,0.95926,0.95508,0.95111,0.96564,0.96149,0.97039,0.96687,0.96277,0.95857,0.95448,0.95061,0.96538,0.97134,0.97159,0.96907,0.97208,0.97029,0.96693,0.96295,0.97054,0.96726,0.96331,0.97076,0.96752,0.96361,0.95951,0.95549,0.95165,0.94804,0.94467,0.96148,0.96892,0.96989,0.96771,0.9642,0.96023,0.96843,0.96508,0.96116,0.96889,0.97063,0.96951,0.96654,0.97052,0.96832,0.9649,0.961,0.95702,0.95314,0.94946,0.94599,0.94276,0.93976,0.93698,0.93439,0.93199,0.92976,0.92768,0.92574,0.92393,0.92223,0.92063,0.91914,0.91773,0.9164,0.91514,0.94117,0.93794,0.95346,0.94968,0.95736,0.95435,0.95048,0.95788,0.95907,0.95831,0.95905,0.95855,0.95902,0.95684,0.9534,0.95866,0.9591,0.95691,0.95349,0.9496,0.9456,0.95565,0.95202,0.94808,0.94415,0.94036,0.93677,0.95127,0.94736,0.94348,0.93975,0.93625,0.93298,0.94931,0.94541,0.95537,0.95799,0.95649,0.95332,0.95788,0.95551,0.95203,0.95762,0.9549,0.95837,0.95783,0.95521,0.95168,0.94781,0.94393,0.94017,0.95249,0.94872,0.94486,0.9411,0.95309,0.94937,0.94551,0.95524,0.95175,0.94792,0.95638,0.95307,0.94929,0.95703,0.95889,0.95744,0.95441,0.95867,0.9564,0.95304,0.94927,0.94544,0.94172,0.93818,0.93485,0.94975,0.94597,0.95515,0.95758,0.95616,0.95313,0.94948,0.94567,0.95488,0.95773,0.95682,0.95407,0.9577,0.95567,0.95245,0.95738,0.95489,0.95149,0.94775,0.95578,0.95257,0.94889,0.94514,0.95476,0.95132,0.9476,0.94387,0.94029,0.95254,0.9573,0.95731,0.95498,0.95781,0.95614,0.9531,0.9495,0.95639,0.95341,0.94984,0.94611,0.94244,0.95337,0.94983,0.94612,0.94247,0.95353,0.94999
1,0.99999,0.99996,0.99999,0.99996,0.99999,0.99996,0.99999,0.99999,0.99997,0.99992,0.99998,1,0.99999,0.99995,0.99999,0.99995,0.99989,0.99981,0.99991,0.99983,0.99992,0.99985,0.99975,0.99987,0.99995,0.99988,0.9998,0.99969,0.99956,0.99941,0.99925,0.99908,0.9989,0.9987,0.9985,0.99829,0.99807,0.99852,0.9989,0.9987,0.99849,0.99828,0.99806,0.99784,0.99761,0.99738,0.99714,0.99772,0.99749,0.99726,0.99702,0.99678,0.99654,0.9963,0.99605,0.99581,0.99557,0.99533,0.99509,0.99485,0.99462,0.99438,0.99415,0.99508,0.99592,0.99666,0.99731,0.99707,0.99682,0.99746,0.99721,0.99697,0.99672,0.99647,0.99622,0.99597,0.99672,0.99647,0.99621,0.99596,0.99672,0.99738,0.99795,0.99843,0.99883,0.99862,0.99899,0.99878,0.99912,0.99938,0.99957,0.99944,0.99962,0.99974,0.99981,0.99983,0.99981,0.99983,0.99981,0.99975,0.99981,0.99983,0.9998,0.99983,0.9998,0.99974,0.99965,0.99953,0.99968,0.99957,0.99943,0.99927,0.99949,0.99934,0.99955,0.9994,0.99924,0.99905,0.99885,0.99864,0.999,0.99929,0.99951,0.99967,0.99955,0.9994,0.9996,0.99973,0.99981,0.99985,0.99984,0.99979,0.9997,0.9998,0.99972,0.99981,0.99973,0.99963,0.9995,0.99934,0.99916,0.99942,0.99961,0.99974,0.99982,0.99975,0.99983,0.99985,0.99983,0.99985,0.99983,0.99978,0.99984,0.99979,0.9997,0.99958,0.99944,0.99927,0.99908,0.99887,0.99919,0.99945,0.99963,0.99976,0.99983,0.99986,0.99983,0.99986,0.99983,0.99986,0.99983,0.99986,0.99983,0.99986,0.99984,0.99978,0.99968,0.99955,0.9994,0.99922,0.99902,0.99881,0.99857,0.99833,0.99807,0.9978,0.99753,0.99724,0.99696,0.99666,0.99637,0.99607,0.99577,0.99547,0.99516,0.99486,0.99577,0.99547,0.99631,0.99601,0.99679,0.99649,0.99619,0.99694,0.9976,0.99731,0.99791,0.99763,0.99818,0.99863,0.999,0.99878,0.99854,0.99829,0.99802,0.99774,0.99746,0.99804,0.99776,0.99747,0.99718,0.99688,0.99657,0.99729,0.99699,0.99668,0.99637,0.99606,0.99574,0.99657,0.99626,0.99703,0.99768,0.99739,0.99709,0.99774,0.99744,0.99714,0.99779,0.99749,0.99808,0.99858,0.99897,0.99928,0.99951,0.99967,0.99977,0.99969,0.99977,0.9998,0.99978,0.9998,0.99978,0.99972,0.99979,0.99973,0.99962,0.99974,0.99964,0.99951,0.99967,0.99977,0.99981,0.99979,0.99981,0.99979,0.99973,0.99963,0.9995,0.99933,0.99914,0.99892,0.99924,0.99903,0.99932,0.99955,0.99939,0.9992,0.99898,0.99874,0.99911,0.99939,0.99959,0.99973,0.99962,0.99974,0.99981,0.99975,0.99981,0.99981,0.99977,0.99981,0.99977,0.99969,0.99956,0.99971,0.99959,0.99944,0.99926,0.99904,0.99934,0.99956,0.99971,0.99979,0.99972,0.9998,0.99982,0.99979,0.99982,0.99979,0.99972,0.9996,0.99945,0.99964,0.99949,0.99932,0.99911,0.99939,0.9992
1,0.99988,0.99937,1.0001,0.99928,1.0002,0.99925,1.0004,1.0003,0.99907,0.99654,0.99947,1.0007,1.0002,0.99805,1.0004,0.99826,0.9944,0.98902,0.99572,0.99043,0.99685,0.99173,0.98505,0.99361,0.99912,0.99459,0.98826,0.98044,0.97142,0.96147,0.95078,0.93954,0.9279,0.91598,0.90387,0.89166,0.87941,0.90913,0.93742,0.92337,0.90945,0.89569,0.88212,0.86876,0.8556,0.84267,0.82995,0.8673,0.85288,0.83891,0.82534,0.81215,0.79931,0.78678,0.77456,0.76262,0.75094,0.73952,0.72833,0.71737,0.70663,0.6961,0.68577,0.73595,0.79248,0.85556,0.92478,0.89994,0.87808,0.94095,0.9176,0.89675,0.87777,0.86021,0.84381,0.82833,0.88151,0.86358,0.84687,0.83114,0.88479,0.94189,1.0006,1.0579,1.1101,1.0846,1.1265,1.1047,1.1391,1.1658,1.1844,1.1719,1.1867,1.1949,1.1971,1.1945,1.1881,1.195,1.1894,1.1808,1.1911,1.1959,1.1958,1.1959,1.1958,1.1917,1.1843,1.1743,1.1872,1.1779,1.1665,1.1536,1.1731,1.1606,1.1786,1.1666,1.1533,1.1389,1.1239,1.1086,1.1388,1.1645,1.1842,1.1974,1.1878,1.1758,1.1915,1.201,1.2045,1.2029,1.1971,1.1882,1.1769,1.1919,1.1814,1.1949,1.1852,1.1733,1.1599,1.1455,1.1304,1.1578,1.18,1.1961,1.2056,1.1982,1.2065,1.2089,1.2065,1.2089,1.2067,1.2005,1.2074,1.2018,1.193,1.1819,1.169,1.155,1.1401,1.1249,1.1545,1.1794,1.1982,1.2103,1.2159,1.2158,1.2159,1.2158,1.2112,1.2161,1.2156,1.216,1.2119,1.2162,1.2125,1.2052,1.1951,1.1829,1.1693,1.1547,1.1395,1.124,1.1083,1.0925,1.0769,1.0614,1.046,1.0309,1.0161,1.0015,0.98719,0.97315,0.9594,0.94593,0.93273,0.9198,0.98115,0.96416,1.0334,1.0122,1.0869,1.0618,1.0394,1.1129,1.1913,1.1606,1.232,1.2021,1.2646,1.3196,1.3623,1.3386,1.3158,1.2939,1.2727,1.2523,1.2324,1.279,1.2577,1.2371,1.2173,1.1981,1.1795,1.2342,1.2125,1.192,1.1724,1.1537,1.1356,1.1981,1.1759,1.2413,1.3066,1.2782,1.2526,1.3112,1.285,1.2608,1.3154,1.2905,1.3405,1.3819,1.4113,1.428,1.4333,1.4299,1.4202,1.4307,1.4225,1.4098,1.3941,1.4161,1.4016,1.3846,1.4101,1.394,1.3761,1.4045,1.3872,1.3685,1.3996,1.4214,1.433,1.4354,1.4333,1.4353,1.43,1.4193,1.4049,1.3881,1.3698,1.3507,1.3874,1.3676,1.4017,1.4262,1.4102,1.392,1.3726,1.3525,1.3906,1.42,1.4388,1.4468,1.4404,1.447,1.445,1.4469,1.4452,1.4371,1.4244,1.4403,1.4288,1.4137,1.3963,1.4234,1.4066,1.388,1.3685,1.3485,1.3895,1.4226,1.4451,1.4564,1.4477,1.4569,1.4569,1.4497,1.4573,1.4511,1.4395,1.4243,1.4067,1.4341,1.4171,1.3984,1.3786,1.415,1.3949
1,0.99999,0.99997,0.99999,0.99997,0.99999,0.99997,0.99999,1,0.99998,0.99995,0.99998,1,0.99999,0.99997,0.99999,0.99997,0.99993,0.99987,0.99994,0.99988,0.99994,0.99989,0.99982,0.99991,0.99996,0.99992,0.99985,0.99977,0.99968,0.99958,0.99946,0.99934,0.99921,0.99907,0.99892,0.99876,0.99861,0.99891,0.99918,0.99903,0.99888,0.99873,0.99857,0.9984,0.99823,0.99806,0.99788,0.99829,0.99812,0.99794,0.99776,0.99758,0.9974,0.99722,0.99703,0.99685,0.99666,0.99648,0.99629,0.99611,0.99592,0.99574,0.99556,0.99622,0.99682,0.99736,0.99784,0.99766,0.99747,0.99794,0.99775,0.99757,0.99738,0.99719,0.997,0.99681,0.99736,0.99717,0.99697,0.99678,0.99734,0.99783,0.99827,0.99864,0.99896,0.99879,0.99909,0.99893,0.9992,0.99942,0.9996,0.99948,0.99964,0.99977,0.99985,0.9999,0.99991,0.9999,0.99991,0.9999,0.99991,0.9999,0.99986,0.9999,0.99986,0.9998,0.99972,0.99962,0.99975,0.99966,0.99955,0.99942,0.9996,0.99948,0.99964,0.99953,0.9994,0.99926,0.99911,0.99895,0.99922,0.99944,0.99961,0.99975,0.99965,0.99954,0.99969,0.9998,0.99988,0.99992,0.99993,0.99992,0.99987,0.99992,0.99988,0.99992,0.99988,0.99982,0.99974,0.99964,0.99952,0.99968,0.9998,0.99988,0.99992,0.99988,0.99993,0.99994,0.99992,0.99994,0.99992,0.99988,0.99992,0.99988,0.99982,0.99973,0.99963,0.99951,0.99937,0.99922,0.99945,0.99962,0.99976,0.99985,0.99991,0.99994,0.99992,0.99994,0.99993,0.99994,0.99992,0.99994,0.99993,0.99994,0.99993,0.9999,0.99984,0.99975,0.99965,0.99953,0.99939,0.99924,0.99908,0.9989,0.99872,0.99852,0.99832,0.99811,0.9979,0.99769,0.99746,0.99724,0.99701,0.99679,0.99656,0.99632,0.99696,0.99673,0.99731,0.99709,0.99763,0.99741,0.99718,0.99772,0.99819,0.99797,0.99841,0.9982,0.9986,0.99894,0.99922,0.99905,0.99887,0.99868,0.99848,0.99827,0.99805,0.99848,0.99827,0.99806,0.99783,0.99761,0.99738,0.9979,0.99767,0.99744,0.99721,0.99697,0.99673,0.99733,0.9971,0.99766,0.99815,0.99793,0.9977,0.99819,0.99796,0.99773,0.99822,0.99799,0.99844,0.99882,0.99914,0.9994,0.9996,0.99975,0.99986,0.99977,0.99987,0.99992,0.99994,0.99992,0.99994,0.99992,0.99994,0.99992,0.99987,0.99993,0.99988,0.99981,0.99989,0.99993,0.99994,0.99991,0.99994,0.99992,0.99986,0.99978,0.99967,0.99954,0.9994,0.99923,0.99947,0.99931,0.99953,0.9997,0.99958,0.99944,0.99927,0.9991,0.99936,0.99958,0.99974,0.99985,0.99976,0.99986,0.99993,0.99987,0.99993,0.99995,0.99994,0.99995,0.99994,0.99989,0.99981,0.9999,0.99983,0.99973,0.99961,0.99947,0.99966,0.9998,0.99989,0.99994,0.9999,0.99994,0.99995,0.99993,0.99995,0.99993,0.99987,0.99979,0.99968,0.99981,0.99971,0.99958,0.99943,0.99963,0.99949
1,1,1,1,1,1,1,1,1,1,1,1,1,1,1,1,1,0.99999,0.99999,0.99999,0.99999,0.99999,0.99999,0.99998,0.99999,1,0.99999,0.99998,0.99997,0.99996,0.99995,0.99994,0.99993,0.99991,0.99989,0.99988,0.99986,0.99984,0.99987,0.9999,0.99988,0.99986,0.99984,0.99982,0.9998,0.99978,0.99976,0.99973,0.99977,0.99975,0.99973,0.99971,0.99968,0.99966,0.99963,0.99961,0.99958,0.99955,0.99953,0.9995,0.99947,0.99945,0.99942,0.99939,0.99945,0.99951,0.99957,0.99963,0.9996,0.99957,0.99963,0.9996,0.99957,0.99955,0.99952,0.99949,0.99946,0.99952,0.99949,0.99947,0.99944,0.9995,0.99956,0.99962,0.99967,0.99972,0.99969,0.99974,0.99972,0.99976,0.99981,0.99985,0.99982,0.99986,0.9999,0.99993,0.99996,0.99999,0.99997,1,1,1,0.99999,0.99997,0.99999,0.99998,0.99996,0.99994,0.99991,0.99995,0.99992,0.9999,0.99988,0.99992,0.99989,0.99993,0.99991,0.99988,0.99986,0.99983,0.99981,0.99985,0.99989,0.99992,0.99996,0.99994,0.99991,0.99995,0.99998,1,1,1.0001,1.0001,1.0001,1.0001,1.0001,1.0001,1.0001,1.0001,1.0001,1.0001,1.0001,1.0001,1.0001,1.0001,1.0001,1.0001,1.0001,1.0001,1.0001,1.0001,1.0001,1.0001,1.0001,1.0001,1.0001,1,1,1,0.99998,0.99996,0.99999,1,1,1.0001,1.0001,1.0001,1.0001,1.0001,1.0001,1.0001,1.0001,1.0001,1.0001,1.0001,1.0001,1.0001,1.0001,1.0001,1.0001,1.0002,1.0001,1.0001,1.0001,1.0001,1.0001,1.0001,1.0001,1.0001,1.0001,1.0001,1,1,1,0.99998,0.99995,0.99993,0.99996,0.99994,0.99997,0.99995,0.99998,0.99996,0.99994,0.99997,1,0.99998,1,0.99999,1,1,1.0001,1.0001,1,1,0.99999,0.99997,0.99994,0.99998,0.99995,0.99993,0.9999,0.99987,0.99984,0.99989,0.99986,0.99983,0.9998,0.99977,0.99974,0.99979,0.99976,0.99981,0.99986,0.99983,0.9998,0.99985,0.99982,0.99979,0.99984,0.9998,0.99985,0.9999,0.99994,0.99998,1,1,1.0001,1,1.0001,1.0001,1.0001,1.0001,1.0001,1.0001,1.0001,1.0001,1.0002,1.0001,1.0002,1.0002,1.0002,1.0001,1.0001,1.0001,1.0001,1.0001,1.0001,1.0001,1.0001,1,1,1,1,1,1,1.0001,1,1,1,0.99997,1,1,1.0001,1.0001,1.0001,1.0001,1.0001,1.0001,1.0001,1.0001,1.0002,1.0001,1.0002,1.0002,1.0002,1.0002,1.0002,1.0002,1.0002,1.0002,1.0002,1.0002,1.0002,1.0002,1.0002,1.0002,1.0002,1.0001,1.0002,1.0001,1.0001,1.0001,1.0001,1.0001,1.0001,1.0001,1.0001,1.0001,1.0001
1,0.9999,0.9996,0.9999,0.99963,0.99989,0.99965,0.99988,0.99975,0.9993,0.99858,0.99945,0.99979,0.99969,0.99922,0.99973,0.99932,0.9986,0.99764,0.99895,0.9981,0.9992,0.99845,0.99746,0.99884,0.99954,0.99901,0.99819,0.99715,0.99594,0.99463,0.99323,0.99179,0.99033,0.98886,0.98739,0.98594,0.9845,0.98937,0.99311,0.99169,0.99023,0.98877,0.98731,0.98586,0.98444,0.98304,0.98168,0.9871,0.98566,0.98424,0.98285,0.98149,0.98017,0.97888,0.97763,0.97641,0.97523,0.97408,0.97297,0.9719,0.97085,0.96984,0.96886,0.97635,0.98261,0.98749,0.99099,0.98961,0.98818,0.99148,0.99012,0.98869,0.98724,0.98578,0.98432,0.98289,0.98758,0.98612,0.98466,0.98322,0.98784,0.99128,0.99362,0.99502,0.99566,0.99518,0.99571,0.9953,0.99574,0.99565,0.99515,0.9957,0.99527,0.99452,0.99353,0.99237,0.99109,0.99338,0.99221,0.99091,0.99326,0.99476,0.99554,0.99497,0.99563,0.99572,0.99539,0.99471,0.99552,0.99493,0.99407,0.99301,0.9946,0.99365,0.99497,0.99413,0.99308,0.99189,0.9906,0.98924,0.99206,0.99398,0.99512,0.99561,0.99522,0.99451,0.99538,0.99566,0.99547,0.99492,0.99409,0.99306,0.99188,0.99384,0.99277,0.99441,0.99344,0.99232,0.99108,0.98976,0.98839,0.99141,0.99351,0.9948,0.99542,0.99495,0.99547,0.99547,0.99507,0.9955,0.99515,0.99449,0.99529,0.99471,0.99387,0.99283,0.99166,0.99039,0.98906,0.98769,0.99084,0.99307,0.99447,0.99519,0.99535,0.99507,0.99536,0.99512,0.99453,0.99521,0.99535,0.99523,0.99474,0.99529,0.99486,0.99415,0.99321,0.99211,0.9909,0.98961,0.98828,0.98692,0.98554,0.98417,0.98281,0.98147,0.98015,0.97886,0.9776,0.97637,0.97517,0.974,0.97287,0.97177,0.9707,0.96966,0.97618,0.97498,0.98061,0.97929,0.98402,0.98265,0.9813,0.98556,0.98864,0.98736,0.98987,0.98869,0.99074,0.99193,0.99243,0.99204,0.99133,0.99039,0.98928,0.98806,0.98676,0.98939,0.98817,0.98688,0.98554,0.98418,0.98281,0.98649,0.98514,0.98378,0.9824,0.98104,0.97969,0.98409,0.98272,0.98641,0.98907,0.98785,0.98656,0.98918,0.98797,0.98668,0.98926,0.98806,0.9902,0.99152,0.99216,0.99225,0.99191,0.99126,0.99036,0.9916,0.99081,0.98982,0.98868,0.99057,0.98954,0.98838,0.99037,0.98931,0.98813,0.99021,0.98912,0.98793,0.99007,0.99143,0.99212,0.99227,0.99214,0.99227,0.99198,0.99137,0.99051,0.98948,0.98833,0.98708,0.98947,0.98831,0.9903,0.99153,0.99075,0.98976,0.98864,0.98742,0.9897,0.99118,0.99197,0.99221,0.99201,0.99221,0.99198,0.99222,0.99202,0.99148,0.99069,0.99173,0.99103,0.99012,0.98905,0.99076,0.98979,0.98869,0.98748,0.98621,0.98882,0.9906,0.99165,0.99209,0.99174,0.99212,0.99203,0.99158,0.99208,0.99168,0.991,0.99011,0.98905,0.99073,0.98977,0.98868,0.98749,0.98969,0.98859
1,0.99998,0.99991,0.99998,0.99991,0.99998,0.99992,0.99998,0.99997,0.9999,0.99978,0.99992,0.99998,0.99996,0.99987,0.99996,0.99988,0.99973,0.99953,0.99978,0.99959,0.99982,0.99964,0.99941,0.99971,0.99988,0.99974,0.99954,0.99928,0.99898,0.99864,0.99827,0.99787,0.99745,0.99702,0.99658,0.99612,0.99566,0.9968,0.99773,0.99731,0.99686,0.99641,0.99595,0.99548,0.99501,0.99453,0.99406,0.99548,0.995,0.99452,0.99404,0.99357,0.99309,0.99262,0.99216,0.99169,0.99124,0.99078,0.99034,0.9899,0.98947,0.98904,0.98862,0.99079,0.9927,0.99433,0.99569,0.9952,0.99471,0.99601,0.99552,0.99503,0.99453,0.99404,0.99354,0.99304,0.99464,0.99414,0.99364,0.99313,0.99473,0.99606,0.99713,0.99796,0.99858,0.99822,0.99876,0.99842,0.9989,0.99921,0.99937,0.99924,0.99938,0.9994,0.99931,0.99913,0.99888,0.9992,0.99896,0.99867,0.99906,0.9993,0.99941,0.99932,0.99941,0.99939,0.99928,0.99907,0.99931,0.99913,0.99887,0.99855,0.99899,0.99869,0.99908,0.99881,0.99848,0.9981,0.99768,0.99722,0.99802,0.99862,0.99904,0.9993,0.9991,0.99882,0.99917,0.99937,0.99943,0.99939,0.99924,0.99901,0.99872,0.99911,0.99883,0.99918,0.99893,0.99861,0.99824,0.99782,0.99737,0.99814,0.99871,0.99911,0.99934,0.99916,0.99937,0.99944,0.9994,0.99944,0.9994,0.99926,0.99941,0.99929,0.99907,0.99878,0.99843,0.99803,0.99759,0.99711,0.99795,0.99858,0.99902,0.9993,0.99942,0.99943,0.99942,0.99943,0.99932,0.99943,0.99942,0.99943,0.99933,0.99943,0.99934,0.99916,0.99889,0.99855,0.99816,0.99772,0.99725,0.99674,0.99621,0.99566,0.99509,0.99452,0.99394,0.99336,0.99277,0.99218,0.9916,0.99101,0.99044,0.98986,0.9893,0.98874,0.99097,0.99039,0.9924,0.99181,0.99361,0.99302,0.99242,0.99413,0.99554,0.99497,0.99621,0.99566,0.99676,0.9976,0.9982,0.99782,0.99738,0.9969,0.99638,0.99583,0.99526,0.99644,0.9959,0.99533,0.99474,0.99414,0.99354,0.99505,0.99446,0.99385,0.99324,0.99263,0.99201,0.99379,0.99318,0.99477,0.99607,0.9955,0.99491,0.99618,0.99561,0.99502,0.99628,0.99571,0.99682,0.99767,0.99829,0.9987,0.99892,0.99899,0.99892,0.99899,0.99893,0.99875,0.99848,0.99881,0.99856,0.99822,0.99865,0.99835,0.99797,0.99849,0.99814,0.99772,0.99832,0.99872,0.99894,0.99901,0.99895,0.99901,0.99894,0.99876,0.99848,0.99813,0.9977,0.99723,0.99797,0.99752,0.99818,0.99863,0.99831,0.99792,0.99747,0.99697,0.99778,0.99836,0.99875,0.99896,0.99879,0.99898,0.99901,0.99898,0.99901,0.99892,0.99871,0.99894,0.99875,0.99847,0.9981,0.99859,0.99825,0.99784,0.99737,0.99685,0.9977,0.99831,0.99872,0.99895,0.99876,0.99897,0.99902,0.99893,0.99902,0.99894,0.99875,0.99846,0.99809,0.99858,0.99824,0.99782,0.99734,0.99806,0.99762
1,0.99659,0.98785,0.99567,0.99047,0.99484,0.99199,0.99434,0.98626,0.97516,0.96392,0.99118,0.99302,0.98511,0.97473,0.99367,0.98623,0.97629,0.96631,0.99184,0.98347,0.99532,0.99,0.98109,0.99553,0.99351,0.9954,0.98902,0.98031,0.97145,0.96318,0.95571,0.94903,0.94308,0.93777,0.93303,0.92877,0.92492,0.97243,0.98152,0.9786,0.97096,0.96266,0.95479,0.94764,0.94123,0.93551,0.9304,0.96985,0.96206,0.95446,0.94752,0.94131,0.93577,0.93083,0.9264,0.92242,0.91882,0.91556,0.91259,0.90988,0.90738,0.90509,0.90296,0.95551,0.96242,0.95612,0.94825,0.96617,0.96563,0.96647,0.96617,0.96003,0.95235,0.94466,0.93751,0.93101,0.95989,0.95266,0.94522,0.93827,0.96305,0.96638,0.96141,0.95425,0.94688,0.96546,0.95929,0.96805,0.96407,0.95733,0.95014,0.96685,0.96103,0.95401,0.94707,0.94063,0.9348,0.96205,0.95539,0.94855,0.96704,0.96818,0.96304,0.96948,0.96631,0.9601,0.95326,0.94666,0.9665,0.96048,0.95376,0.94728,0.9673,0.96133,0.97064,0.96665,0.96036,0.95372,0.94741,0.94163,0.9657,0.9698,0.96576,0.95951,0.97036,0.96926,0.97034,0.96575,0.95949,0.95305,0.94696,0.9414,0.93638,0.96313,0.95697,0.96921,0.96472,0.95849,0.95215,0.94618,0.94075,0.96502,0.96926,0.96537,0.9593,0.96986,0.96556,0.95945,0.95314,0.969,0.9637,0.95745,0.97057,0.96575,0.95959,0.95339,0.94759,0.9423,0.93753,0.93324,0.96242,0.9683,0.96467,0.95872,0.95248,0.94657,0.96645,0.96077,0.95453,0.96928,0.96976,0.96967,0.96485,0.97105,0.968,0.96234,0.95615,0.95016,0.94462,0.93961,0.93509,0.93102,0.92736,0.92405,0.92105,0.91832,0.91583,0.91354,0.91144,0.9095,0.9077,0.90603,0.90448,0.90303,0.90166,0.90039,0.94633,0.94064,0.95578,0.95168,0.95691,0.95455,0.94863,0.95759,0.95571,0.95749,0.95646,0.95741,0.95685,0.95177,0.9454,0.95748,0.9572,0.95221,0.94592,0.93959,0.93364,0.95438,0.94853,0.94223,0.93621,0.93068,0.9257,0.952,0.94592,0.93975,0.93399,0.92877,0.92407,0.95205,0.94592,0.95853,0.9575,0.95866,0.9541,0.95965,0.95683,0.95115,0.95979,0.95593,0.96022,0.95702,0.95131,0.94508,0.93906,0.9335,0.92845,0.9533,0.94737,0.94132,0.93566,0.95662,0.95091,0.94475,0.95983,0.95477,0.94862,0.96128,0.95658,0.9505,0.96216,0.96174,0.95687,0.9508,0.9626,0.95804,0.95206,0.94597,0.94025,0.93502,0.9303,0.92605,0.95432,0.94841,0.96119,0.96033,0.96136,0.95692,0.95095,0.94484,0.96054,0.96186,0.95754,0.95163,0.96239,0.95808,0.95219,0.96293,0.95864,0.95277,0.94675,0.96214,0.95704,0.95105,0.94516,0.96228,0.957,0.95099,0.94517,0.93978,0.96116,0.9646,0.96082,0.95506,0.96514,0.96104,0.95524,0.94923,0.96434,0.9593,0.95333,0.94746,0.942,0.96266,0.95708,0.95112,0.94545,0.96452,0.95907
1,0.99263,0.97629,0.99368,0.98599,0.99248,0.9898,0.99238,0.97721,0.96035,0.94508,0.99829,0.98994,0.97394,0.95848,1.0043,0.99372,0.97804,0.96328,1.0098,0.9994,1.0113,1.0073,0.99284,1.0154,1.0051,1.0163,1.0045,0.99002,0.97661,0.96498,0.95506,0.94661,0.93939,0.93316,0.92775,0.92303,0.91887,1.0106,0.99986,1.0205,1.0092,0.99553,0.98306,0.97229,0.96311,0.95528,0.94857,1.023,1.0144,1.0014,0.98941,0.97904,0.9702,0.96266,0.95619,0.95061,0.94575,0.94149,0.93773,0.9344,0.93141,0.92873,0.92631,1.0221,1.012,1.0018,0.99308,1.0534,1.0447,1.0563,1.0531,1.0407,1.0279,1.0166,1.0069,0.99864,1.0593,1.0506,1.0382,1.0268,1.0673,1.0602,1.0479,1.0362,1.0259,1.0721,1.0637,1.0741,1.0709,1.0593,1.0475,1.0787,1.0712,1.0595,1.0484,1.0386,1.0303,1.0817,1.0737,1.0624,1.0877,1.0801,1.0688,1.0913,1.0852,1.074,1.0633,1.0538,1.0947,1.0871,1.0762,1.066,1.1001,1.093,1.1012,1.0986,1.0882,1.0777,1.0682,1.0601,1.1047,1.0988,1.0884,1.0785,1.1104,1.1042,1.111,1.1022,1.0919,1.0824,1.0741,1.0671,1.0611,1.1135,1.1069,1.1158,1.1135,1.1038,1.0938,1.085,1.0774,1.1198,1.1141,1.1043,1.095,1.1253,1.119,1.1092,1.0999,1.1296,1.1233,1.1136,1.1332,1.128,1.1184,1.1092,1.101,1.094,1.0881,1.083,1.1347,1.1284,1.1191,1.1105,1.1031,1.0968,1.1417,1.1355,1.1262,1.147,1.1406,1.1479,1.1401,1.1498,1.1465,1.1375,1.1284,1.1203,1.1134,1.1074,1.1024,1.098,1.0943,1.091,1.0881,1.0856,1.0833,1.0813,1.0795,1.0778,1.0763,1.075,1.0737,1.0725,1.0715,1.0705,1.1466,1.1745,1.2012,1.2099,1.2126,1.2138,1.2045,1.2187,1.2112,1.2199,1.217,1.2197,1.2189,1.2098,1.2002,1.2244,1.2182,1.2087,1.1996,1.1918,1.1851,1.228,1.2219,1.2126,1.2039,1.1964,1.19,1.2339,1.228,1.2187,1.2101,1.2027,1.1963,1.24,1.2341,1.2417,1.2337,1.2443,1.237,1.2458,1.2429,1.2339,1.2484,1.2442,1.2483,1.2403,1.2312,1.223,1.2159,1.2098,1.2047,1.2516,1.2464,1.2376,1.2294,1.2585,1.253,1.2441,1.2621,1.2575,1.2487,1.2648,1.2605,1.2517,1.2674,1.261,1.2522,1.244,1.271,1.2656,1.2569,1.2487,1.2416,1.2356,1.2304,1.226,1.2744,1.2699,1.2763,1.2687,1.2794,1.2725,1.2638,1.2558,1.2832,1.2777,1.2691,1.2611,1.2875,1.2823,1.2738,1.2908,1.2865,1.2781,1.2699,1.2944,1.2893,1.2809,1.2729,1.2984,1.2933,1.2849,1.277,1.2702,1.3027,1.2973,1.289,1.2813,1.3076,1.3026,1.2943,1.2865,1.3119,1.3069,1.2986,1.2908,1.2841,1.3163,1.3111,1.3029,1.2952,1.3212,1.3162
1,0.99999,0.99996,0.99999,0.99996,0.99999,0.99997,0.99999,1,0.99998,0.99995,0.99999,1,0.99999,0.99996,0.99999,0.99997,0.99992,0.99986,0.99993,0.99987,0.99994,0.99988,0.9998,0.99989,0.99996,0.9999,0.99983,0.99975,0.99965,0.99953,0.9994,0.99926,0.99912,0.99896,0.99879,0.99862,0.99844,0.99877,0.99905,0.99889,0.99872,0.99854,0.99835,0.99816,0.99797,0.99777,0.99757,0.99801,0.99781,0.9976,0.99739,0.99718,0.99697,0.99676,0.99654,0.99632,0.99611,0.99589,0.99567,0.99545,0.99523,0.99501,0.99479,0.9955,0.99616,0.99675,0.99729,0.99708,0.99686,0.99738,0.99717,0.99695,0.99673,0.9965,0.99628,0.99605,0.99667,0.99645,0.99622,0.99599,0.99662,0.99718,0.99769,0.99813,0.99852,0.99832,0.99869,0.99849,0.99883,0.99912,0.99936,0.99921,0.99943,0.99962,0.99975,0.99986,0.99992,0.99986,0.99993,0.99996,0.99993,0.99988,0.9998,0.99989,0.99982,0.99973,0.99962,0.99949,0.99966,0.99954,0.9994,0.99925,0.99947,0.99932,0.99953,0.99939,0.99923,0.99907,0.99889,0.9987,0.99901,0.99928,0.99949,0.99967,0.99954,0.9994,0.99959,0.99975,0.99986,0.99993,0.99998,0.99999,0.99997,0.99999,0.99997,0.99999,0.99997,0.99993,0.99986,0.99978,0.99967,0.9998,0.9999,0.99996,0.99999,0.99996,0.99999,0.99998,0.99995,0.99998,0.99996,0.9999,0.99996,0.99991,0.99983,0.99973,0.99962,0.99948,0.99933,0.99917,0.99941,0.9996,0.99976,0.99987,0.99994,0.99998,0.99995,0.99999,0.99999,0.99999,0.99995,0.99999,0.99999,0.99999,0.99999,0.99997,0.99992,0.99984,0.99974,0.99962,0.99949,0.99933,0.99916,0.99898,0.99879,0.99858,0.99837,0.99814,0.99791,0.99768,0.99743,0.99718,0.99693,0.99667,0.99641,0.99615,0.99679,0.99653,0.99712,0.99687,0.99743,0.99718,0.99692,0.99748,0.99797,0.99773,0.99819,0.99796,0.99839,0.99877,0.99908,0.99889,0.99868,0.99847,0.99824,0.99801,0.99776,0.99823,0.99799,0.99775,0.9975,0.99724,0.99698,0.99754,0.99729,0.99702,0.99676,0.99649,0.99622,0.99687,0.9966,0.99721,0.99775,0.99749,0.99723,0.99777,0.99752,0.99726,0.99779,0.99754,0.99804,0.99848,0.99885,0.99917,0.99943,0.99964,0.99979,0.99967,0.99982,0.99993,0.99999,0.99993,0.99999,1,0.99999,1,1,1,1,0.99996,1,1,0.99999,0.99994,1,0.99994,0.99987,0.99976,0.99963,0.99949,0.99932,0.99913,0.9994,0.99922,0.99947,0.99967,0.99953,0.99936,0.99918,0.99898,0.99928,0.99952,0.99971,0.99985,0.99974,0.99987,0.99996,0.99989,0.99997,1,1,1,1,1,0.99994,1,0.99995,0.99987,0.99976,0.99963,0.99979,0.99991,0.99999,1,0.99999,1,1,0.99999,1,0.99999,0.99993,0.99984,0.99972,0.99986,0.99975,0.99961,0.99946,0.99966,0.99951
1,0.98941,0.96906,0.98844,0.97937,0.98671,0.98338,0.98625,0.97196,0.95639,0.9427,0.98766,0.98239,0.96853,0.95506,0.99078,0.98099,0.96776,0.95562,0.99311,0.98348,0.99489,0.99064,0.97886,0.99724,0.98963,0.99745,0.98821,0.97677,0.96627,0.9572,0.94947,0.94287,0.93718,0.93224,0.92791,0.92408,0.92066,0.99311,0.98625,0.99678,0.98648,0.9745,0.96373,0.95453,0.94671,0.94005,0.93432,0.99594,0.98615,0.97445,0.96405,0.95519,0.94768,0.94126,0.93572,0.93091,0.92667,0.92292,0.91956,0.91653,0.91379,0.91129,0.909,0.99951,0.98899,0.97619,0.96509,1.0168,1.0101,1.0176,1.0152,1.0024,0.98941,0.9781,0.96854,0.96048,1.0172,1.0068,0.99428,0.98319,1.024,1.0183,1.006,0.99426,0.98413,1.027,1.0176,1.0294,1.0254,1.0139,1.0025,1.0325,1.0245,1.013,1.0024,0.99318,0.98538,1.034,1.0249,1.0136,1.0399,1.0329,1.0215,1.0429,1.0364,1.0253,1.0146,1.0054,1.0451,1.0366,1.0255,1.0153,1.05,1.0419,1.0514,1.0481,1.0374,1.0266,1.0172,1.0092,1.0539,1.0487,1.0377,1.0273,1.0592,1.053,1.0595,1.05,1.039,1.029,1.0205,1.0133,1.0071,1.062,1.0535,1.0653,1.0619,1.0508,1.0397,1.0301,1.022,1.0687,1.063,1.0516,1.0409,1.0744,1.0665,1.055,1.0445,1.0787,1.0708,1.0593,1.0826,1.0761,1.0648,1.0541,1.0449,1.037,1.0304,1.0248,1.0851,1.0779,1.0662,1.0555,1.0464,1.0387,1.093,1.0841,1.072,1.0995,1.0909,1.1003,1.09,1.1028,1.0984,1.0868,1.0755,1.0657,1.0574,1.0504,1.0445,1.0394,1.0349,1.031,1.0275,1.0244,1.0216,1.0191,1.0168,1.0147,1.0127,1.0109,1.0092,1.0076,1.0062,1.0048,1.1259,1.1586,1.1933,1.2009,1.2051,1.2069,1.1871,1.2161,1.1998,1.2188,1.2136,1.2185,1.2177,1.2015,1.1861,1.2279,1.2154,1.2,1.1867,1.1757,1.1667,1.2374,1.2295,1.214,1.2004,1.1892,1.18,1.2512,1.2436,1.2279,1.2141,1.2028,1.1935,1.266,1.2587,1.2684,1.2531,1.2754,1.2614,1.2793,1.2751,1.26,1.2854,1.2799,1.2854,1.2713,1.2575,1.2459,1.2364,1.2286,1.222,1.3027,1.3001,1.2845,1.2708,1.322,1.3155,1.2995,1.3305,1.3251,1.3093,1.3379,1.3328,1.3173,1.3451,1.3311,1.3164,1.3041,1.3584,1.3531,1.3375,1.3238,1.3127,1.3037,1.2963,1.2901,1.3851,1.3915,1.4017,1.3835,1.4159,1.3985,1.3817,1.3681,1.4351,1.4179,1.4015,1.3883,1.4618,1.4614,1.4424,1.4816,1.4792,1.4602,1.4438,1.5029,1.502,1.483,1.4668,1.5289,1.5298,1.5105,1.4941,1.4813,1.566,1.5474,1.5315,1.5192,1.6221,1.6491,1.627,1.6095,1.7116,1.7466,1.7222,1.7035,1.6895,1.8451,2.0172,2.0036,1.9932,2.5453,3.9278
1,1,1,1,1,1,1,1,1,1,1,1,1,1,1,1,1,1,1,1,1,1,1,0.99999,1,1,1,1,0.99999,0.99999,0.99999,0.99998,0.99998,0.99998,0.99997,0.99997,0.99996,0.99996,0.99997,0.99997,0.99997,0.99996,0.99996,0.99995,0.99995,0.99994,0.99994,0.99993,0.99994,0.99994,0.99993,0.99992,0.99992,0.99991,0.9999,0.9999,0.99989,0.99988,0.99988,0.99987,0.99986,0.99986,0.99985,0.99984,0.99986,0.99987,0.99989,0.9999,0.99989,0.99988,0.9999,0.99989,0.99988,0.99988,0.99987,0.99986,0.99985,0.99987,0.99986,0.99986,0.99985,0.99986,0.99988,0.99989,0.9999,0.99992,0.99991,0.99992,0.99992,0.99993,0.99994,0.99995,0.99994,0.99995,0.99996,0.99997,0.99998,0.99999,0.99998,0.99999,1,0.99999,0.99999,0.99998,0.99999,0.99999,0.99998,0.99998,0.99997,0.99998,0.99997,0.99997,0.99996,0.99997,0.99996,0.99997,0.99997,0.99996,0.99996,0.99995,0.99994,0.99995,0.99996,0.99997,0.99998,0.99998,0.99997,0.99998,0.99999,1,1,1,1,1,1,1,1,1,1,1,1,1,1,1,1,1,1,1,1,1,1,1,1,1,1,1,1,1,1,1,0.99999,1,1,1,1,1,1,1,1,1,1,1,1,1,1,1,1.0001,1.0001,1.0001,1.0001,1.0001,1.0001,1.0001,1.0001,1.0001,1.0001,1.0001,1.0001,1.0001,1.0001,1.0001,1.0001,1.0001,1.0001,1.0001,1.0001,1.0001,1.0001,1.0001,1.0001,1.0001,1.0001,1.0001,1.0001,1.0001,1.0001,1.0001,1.0001,1.0001,1.0001,1.0001,1.0001,1.0001,1.0001,1.0001,1.0001,1.0001,1.0001,1.0001,1.0001,1.0001,1.0001,1.0001,1,1.0001,1,1,1,1,1,1,1,1,1,1,1,1,1,1,1,1,1,1,1,1.0001,1.0001,1.0001,1.0001,1.0001,1.0001,1.0001,1.0001,1.0001,1.0001,1.0001,1.0001,1.0001,1.0001,1.0001,1.0001,1.0001,1.0001,1.0001,1.0001,1.0001,1.0001,1.0001,1.0001,1.0001,1.0001,1.0001,1.0001,1.0001,1.0001,1.0001,1.0001,1.0001,1.0001,1.0001,1,1,1.0001,1.0001,1.0001,1.0001,1.0001,1.0001,1.0001,1.0001,1.0001,1.0001,1.0001,1.0001,1.0001,1.0001,1.0001,1.0001,1.0001,1.0001,1.0001,1.0001,1.0001,1.0001,1.0001,1.0001,1.0001,1.0001,1.0001,1.0001,1.0001,1.0001,1.0001,1.0001,1.0001,1.0001,1.0001,1.0001,1.0001,1.0001,1.0001
1,1,1,1,1,1,1,1,1,1,1,1,1,1,1,1,1,1,1,1,1,1,1,1,1,1,1,1,1,0.99999,0.99999,0.99999,0.99999,0.99998,0.99998,0.99998,0.99998,0.99997,0.99998,0.99998,0.99998,0.99997,0.99997,0.99997,0.99996,0.99996,0.99996,0.99995,0.99996,0.99996,0.99995,0.99995,0.99994,0.99994,0.99993,0.99993,0.99993,0.99992,0.99992,0.99991,0.99991,0.9999,0.9999,0.99989,0.9999,0.99991,0.99992,0.99993,0.99993,0.99992,0.99993,0.99992,0.99992,0.99991,0.99991,0.99991,0.9999,0.99991,0.9999,0.9999,0.99989,0.9999,0.99991,0.99992,0.99993,0.99994,0.99994,0.99995,0.99994,0.99995,0.99996,0.99996,0.99996,0.99997,0.99997,0.99998,0.99999,0.99999,0.99999,0.99999,1,1,0.99999,0.99999,0.99999,0.99999,0.99999,0.99998,0.99998,0.99999,0.99998,0.99998,0.99997,0.99998,0.99997,0.99998,0.99998,0.99997,0.99997,0.99996,0.99996,0.99997,0.99997,0.99998,0.99999,0.99998,0.99998,0.99999,0.99999,1,1,1,1,1,1,1,1,1,1,1,1,1,1,1,1,1,1,1,1,1,1,1,1,1,1,1,1,1,1,1,1,1,1,1,1,1,1,1,1,1,1,1,1,1,1,1,1,1,1,1,1.0001,1.0001,1.0001,1.0001,1.0001,1.0001,1.0001,1.0001,1.0001,1.0001,1.0001,1.0001,1.0001,1.0001,1.0001,1.0001,1.0001,1.0001,1.0001,1.0001,1.0001,1.0001,1.0001,1.0001,1.0001,1.0001,1.0001,1.0001,1.0001,1.0001,1.0001,1.0001,1.0001,1.0001,1.0001,1.0001,1.0001,1.0001,1.0001,1.0001,1.0001,1.0001,1.0001,1.0001,1.0001,1.0001,1.0001,1.0001,1.0001,1.0001,1.0001,1.0001,1.0001,1.0001,1.0001,1.0001,1.0001,1.0001,1,1.0001,1,1.0001,1.0001,1.0001,1.0001,1.0001,1.0001,1.0001,1.0001,1.0001,1.0001,1.0001,1.0001,1.0001,1.0001,1.0001,1.0001,1.0001,1.0001,1.0001,1.0001,1.0001,1.0001,1.0001,1.0001,1.0001,1.0001,1.0001,1.0001,1.0001,1.0001,1.0001,1.0001,1.0001,1.0001,1.0001,1.0001,1.0001,1.0001,1.0001,1.0001,1.0001,1.0001,1.0001,1.0001,1.0001,1.0001,1.0001,1.0001,1.0001,1.0001,1.0001,1.0001,1.0001,1.0001,1.0001,1.0001,1.0001,1.0001,1.0001,1.0001,1.0001,1.0001,1.0001,1.0001,1.0001,1.0001,1.0001,1.0001,1.0001,1.0001,1.0001,1.0001,1.0001,1.0001,1.0001,1.0001,1.0001,1.0001,1.0001
1,0.99507,0.98389,0.99414,0.98777,0.99323,0.98986,0.99272,0.98158,0.96722,0.95318,0.99241,0.99318,0.98033,0.96512,0.99675,0.98486,0.96938,0.95446,0.99701,0.98305,1.0023,0.99374,0.97824,1.0035,0.99759,1.0032,0.99112,0.97537,0.96016,0.94648,0.93439,0.92372,0.91424,0.90575,0.89809,0.89112,0.88475,0.98847,1.0068,1.0018,0.98232,0.96257,0.94517,0.93024,0.9174,0.90625,0.89646,0.98923,0.96883,0.95003,0.93392,0.92017,0.90834,0.89802,0.88893,0.88081,0.87351,0.86687,0.86079,0.8552,0.85001,0.84518,0.84066,0.99011,1.0139,0.98848,0.96205,1.0251,1.0196,1.0252,1.0228,1.003,0.98187,0.96312,0.94706,0.93332,1.0107,0.99094,0.97175,0.95505,1.0205,1.024,1.0069,0.98759,0.97003,1.0243,1.0074,1.0307,1.0207,1.0029,0.98533,1.0295,1.0145,0.99673,0.98023,0.96575,0.95314,1.024,1.006,0.98803,1.0368,1.0341,1.0169,1.0413,1.0309,1.0133,0.99591,0.98043,1.037,1.0204,1.0025,0.98633,1.0419,1.0253,1.0487,1.0389,1.0212,1.0037,0.98816,0.9746,1.0421,1.0472,1.0313,1.0128,1.052,1.0467,1.0518,1.0371,1.0193,1.0027,0.98806,0.97534,0.96422,1.0437,1.025,1.0593,1.0469,1.0278,1.0096,0.99362,0.97987,1.0528,1.0581,1.0411,1.0219,1.0633,1.0487,1.0298,1.0122,1.0638,1.0476,1.0289,1.069,1.0549,1.0363,1.019,1.0038,0.9906,0.97915,0.96908,1.0602,1.0692,1.051,1.0307,1.0126,0.99708,1.0696,1.0502,1.0302,1.0798,1.0743,1.0798,1.0632,1.0834,1.0745,1.0562,1.0381,1.022,1.008,0.99585,0.98524,0.97587,0.9675,0.95997,0.95312,0.94685,0.94108,0.93573,0.93075,0.92609,0.92172,0.91759,0.91369,0.90999,0.90647,0.90311,1.1162,1.0818,1.1527,1.1337,1.1525,1.1456,1.1165,1.1566,1.1396,1.1558,1.1487,1.1548,1.1522,1.1317,1.1105,1.1594,1.1506,1.13,1.11,1.0927,1.0779,1.1593,1.1394,1.118,1.0993,1.0835,1.0701,1.1668,1.1448,1.1221,1.1027,1.0864,1.0727,1.1763,1.1531,1.1884,1.1703,1.1898,1.171,1.1921,1.1834,1.1619,1.1955,1.1832,1.1951,1.1774,1.1565,1.1378,1.1217,1.108,1.0962,1.1989,1.1771,1.1541,1.1345,1.2143,1.1938,1.1696,1.2226,1.2062,1.1825,1.2271,1.2125,1.1895,1.2312,1.2167,1.1942,1.1736,1.2359,1.2185,1.1958,1.1755,1.1584,1.144,1.1317,1.121,1.2464,1.2224,1.2581,1.2356,1.2617,1.2402,1.2151,1.1934,1.2674,1.2545,1.2297,1.2071,1.2751,1.2568,1.2321,1.282,1.2669,1.2425,1.2206,1.2889,1.2709,1.2463,1.2247,1.2978,1.2793,1.2542,1.2323,1.2141,1.3087,1.2941,1.2676,1.2442,1.3201,1.3011,1.2747,1.2517,1.3302,1.311,1.2844,1.2613,1.2424,1.3428,1.3214,1.2937,1.2702,1.3566,1.3367
1,0.99975,0.99901,0.99971,0.99908,0.99966,0.99914,0.99962,0.99895,0.99745,0.99537,0.99835,0.99937,0.99894,0.99753,0.99919,0.99805,0.99616,0.99383,0.99764,0.99564,0.99848,0.99681,0.9946,0.99803,0.99925,0.99837,0.99665,0.99442,0.9919,0.98924,0.98654,0.98386,0.98123,0.97868,0.97623,0.97387,0.97162,0.98304,0.99067,0.98807,0.98541,0.98275,0.98015,0.97764,0.97523,0.97291,0.9707,0.98228,0.9797,0.97721,0.97482,0.97253,0.97035,0.96827,0.96629,0.96441,0.96262,0.96091,0.95929,0.95774,0.95626,0.95485,0.9535,0.96907,0.98033,0.98669,0.98916,0.98776,0.98562,0.9889,0.98713,0.98483,0.98228,0.97961,0.97692,0.97427,0.98251,0.97986,0.97718,0.97453,0.9827,0.98749,0.98956,0.9897,0.9886,0.98982,0.98895,0.98987,0.98918,0.9876,0.98548,0.98873,0.98693,0.98468,0.98218,0.97957,0.97692,0.98386,0.98132,0.9787,0.98497,0.98833,0.98946,0.98865,0.9895,0.98893,0.98743,0.98537,0.98847,0.98674,0.98454,0.98209,0.98681,0.98463,0.98813,0.98627,0.984,0.98152,0.97895,0.97636,0.98336,0.98739,0.98904,0.98899,0.98904,0.98796,0.98917,0.98888,0.98759,0.98568,0.98341,0.98094,0.97839,0.98445,0.98206,0.98657,0.98447,0.98208,0.97957,0.97702,0.97449,0.98199,0.98643,0.98837,0.98853,0.98841,0.98853,0.98751,0.98577,0.98813,0.9867,0.98471,0.98769,0.98602,0.9839,0.98153,0.97904,0.97652,0.97402,0.97157,0.97979,0.98487,0.98729,0.98778,0.98699,0.98539,0.98748,0.98617,0.98427,0.98705,0.9879,0.98726,0.98579,0.98764,0.98643,0.98461,0.98242,0.98004,0.97756,0.97507,0.97262,0.97022,0.9679,0.96567,0.96353,0.96148,0.95952,0.95766,0.95588,0.95418,0.95256,0.95101,0.94954,0.94813,0.94678,0.9455,0.95982,0.95787,0.969,0.96661,0.97455,0.97211,0.96962,0.97636,0.97977,0.97802,0.98044,0.97901,0.98078,0.98082,0.97974,0.98095,0.98068,0.97942,0.97756,0.97533,0.97292,0.97786,0.97568,0.97329,0.97081,0.96832,0.96585,0.97345,0.97098,0.96849,0.96603,0.96363,0.96131,0.97039,0.96791,0.97471,0.97844,0.97658,0.97434,0.9783,0.97636,0.97409,0.97819,0.97621,0.97924,0.98024,0.97983,0.9785,0.9766,0.97437,0.97196,0.97698,0.9748,0.97242,0.96996,0.9758,0.9735,0.97107,0.97648,0.97425,0.97185,0.97695,0.97477,0.97239,0.97728,0.97968,0.98022,0.97951,0.98025,0.97969,0.97828,0.97634,0.97411,0.97171,0.96926,0.96681,0.97374,0.97134,0.97651,0.97912,0.97762,0.97562,0.97334,0.97094,0.97625,0.97902,0.97985,0.97933,0.97985,0.97944,0.97814,0.9797,0.97865,0.97695,0.97486,0.97833,0.97653,0.97438,0.97204,0.97682,0.97471,0.97239,0.96998,0.96756,0.97411,0.97787,0.97942,0.97938,0.97942,0.97939,0.97834,0.97664,0.97899,0.97758,0.97567,0.97346,0.97111,0.97614,0.97399,0.97167,0.96927,0.97505,0.9728
1,1,1,1,1,1,1,1,1,1,1,1,1,1,1,1,1,1,1,1,1,1,1,1,1,1,1,1,1,0.99999,0.99999,0.99999,0.99999,0.99999,0.99998,0.99998,0.99998,0.99997,0.99998,0.99998,0.99998,0.99998,0.99997,0.99997,0.99997,0.99996,0.99996,0.99996,0.99996,0.99996,0.99996,0.99995,0.99995,0.99994,0.99994,0.99994,0.99993,0.99993,0.99992,0.99992,0.99992,0.99991,0.99991,0.9999,0.99991,0.99992,0.99993,0.99994,0.99993,0.99993,0.99994,0.99993,0.99993,0.99992,0.99992,0.99991,0.99991,0.99992,0.99991,0.99991,0.9999,0.99991,0.99992,0.99993,0.99994,0.99995,0.99994,0.99995,0.99995,0.99995,0.99996,0.99997,0.99996,0.99997,0.99998,0.99998,0.99999,1,0.99999,1,1,1,1,0.99999,1,0.99999,0.99999,0.99999,0.99998,0.99999,0.99998,0.99998,0.99998,0.99998,0.99998,0.99998,0.99998,0.99998,0.99997,0.99997,0.99996,0.99997,0.99998,0.99998,0.99999,0.99999,0.99998,0.99999,1,1,1,1,1,1,1,1,1,1,1,1,1,1,1,1,1,1,1,1,1,1,1,1,1,1,1,1,1,1,1,1,1,1,1,1,1,1,1,1,1,1,1,1,1,1,1,1,1,1,1,1.0001,1.0001,1.0001,1.0001,1.0001,1.0001,1.0001,1.0001,1.0001,1.0001,1.0001,1.0001,1.0001,1.0001,1.0001,1.0001,1.0001,1.0001,1.0001,1.0001,1.0001,1.0001,1.0001,1.0001,1.0001,1.0001,1.0001,1.0001,1.0001,1.0001,1.0001,1.0001,1.0001,1.0001,1.0001,1.0001,1.0001,1.0001,1.0001,1.0001,1.0001,1.0001,1.0001,1.0001,1.0001,1.0001,1.0001,1.0001,1.0001,1.0001,1.0001,1.0001,1.0001,1.0001,1.0001,1.0001,1.0001,1.0001,1.0001,1.0001,1.0001,1.0001,1.0001,1.0001,1.0001,1.0001,1.0001,1.0001,1.0001,1.0001,1.0001,1.0001,1.0001,1.0001,1.0001,1.0001,1.0001,1.0001,1.0001,1.0001,1.0001,1.0001,1.0001,1.0001,1.0001,1.0001,1.0001,1.0001,1.0001,1.0001,1.0001,1.0001,1.0001,1.0001,1.0001,1.0001,1.0001,1.0001,1.0001,1.0001,1.0001,1.0001,1.0001,1.0001,1.0001,1.0001,1.0001,1.0001,1.0001,1.0001,1.0001,1.0001,1.0001,1.0001,1.0001,1.0001,1.0001,1.0001,1.0001,1.0001,1.0001,1.0001,1.0001,1.0001,1.0001,1.0001,1.0001,1.0001,1.0001,1.0001,1.0001,1.0001,1.0001,1.0001,1.0001,1.0001,1.0001,1.0001,1.0001,1.0001,1.0001
