0.5,0.48408,-0.53436,0.48914,-0.53497,0.49396,-0.53485,-0.50163,-0.4688,-0.43702,0.59322,0.55069,0.5095,0.47048,-0.56585,0.47858,0.44051,0.40571,-0.62586,0.42376,-0.61028,0.43936,0.40332,-0.62902,-0.57786,0.47078,0.43108,0.39544,0.36359,0.33517,0.30981,0.28714,0.26683,0.24857,0.23211,0.21723,0.20373,-0.80855,-0.75545,0.30265,0.27862,0.2576,0.23909,0.22266,0.20798,0.19481,0.18291,-0.82787,0.22591,0.21015,0.19619,0.18373,0.17254,0.16242,0.15324,0.14486,0.1372,0.13015,0.12366,0.11766,0.1121,0.10694,0.10214,-0.90235,-0.85519,-0.79457,-0.72468,0.34775,0.31329,-0.71524,0.35056,0.31828,0.29092,0.26745,0.24708,0.22924,-0.78652,0.2712,0.25038,0.23217,-0.78391,-0.72606,-0.66511,-0.60486,-0.54821,0.50327,-0.54322,0.5063,-0.53932,-0.49119,-0.44783,0.59079,-0.46015,-0.42054,-0.3853,-0.35402,-0.32625,0.69844,-0.35607,-0.3277,0.69743,0.64238,0.58815,-0.46319,0.57709,0.52702,0.48104,0.43952,-0.59761,0.45305,0.4146,0.38031,-0.65019,0.4028,-0.63036,0.42205,0.38676,0.35541,0.32755,0.30277,-0.71933,-0.66471,-0.60987,-0.55718,0.49182,0.44882,-0.58961,-0.53909,-0.49234,-0.44991,-0.41184,-0.37788,-0.34767,0.67921,-0.37463,0.65556,-0.39812,-0.3652,-0.33604,-0.31017,-0.28715,0.73339,0.67852,0.62284,0.56894,-0.4814,0.56091,0.51184,0.46711,-0.57309,0.47619,0.43532,-0.60124,0.44948,0.41149,0.3776,0.34744,0.3206,0.29667,0.27529,-0.74388,-0.68941,-0.63357,-0.57909,-0.52791,-0.48111,0.56098,-0.4879,-0.44557,0.59229,0.54185,-0.50493,-0.46146,0.57769,-0.4714,-0.43133,-0.39545,-0.36344,-0.33494,-0.30953,-0.28684,-0.26652,-0.24828,-0.23184,-0.21698,-0.2035,-0.19125,-0.18007,-0.16985,-0.16047,-0.15186,-0.14391,-0.13658,-0.12979,-0.1235,-0.11765,0.88779,-0.16014,0.84959,-0.20809,0.80719,-0.2564,-0.23527,0.78278,0.71943,-0.34632,0.68541,-0.37751,0.65701,0.5971,0.54109,-0.50963,-0.46263,-0.42107,-0.38453,-0.35242,-0.32417,0.70079,-0.35473,-0.3261,-0.30084,-0.27848,-0.25858,0.7592,-0.296,-0.27362,-0.25382,-0.23622,-0.22047,0.79369,-0.26118,0.75786,0.69984,-0.35971,-0.32883,0.69795,-0.36008,-0.32979,0.69665,-0.36047,0.66948,0.61312,0.55911,0.50909,0.4638,0.42335,0.38746,-0.6443,0.40914,0.37498,0.34472,-0.68211,0.37227,0.34212,-0.68456,0.37014,0.3401,-0.68646,0.36847,0.33852,-0.68794,-0.63284,-0.579,-0.52832,0.51813,-0.52715,-0.48131,-0.43988,-0.40281,-0.36981,-0.34047,-0.31437,0.7089,-0.34546,0.68168,0.62689,-0.42645,-0.39011,-0.35796,-0.32952,0.69569,0.64091,0.58699,0.53593,-0.51107,0.5335,0.48718,-0.55477,0.49291,0.45064,0.41267,-0.62124,0.43028,0.39441,0.36245,-0.66599,0.38737,0.35591,0.32798,0.30315,-0.71899,-0.66439,-0.6096,-0.55696,0.49197,-0.551,-0.50308,-0.45947,0.5797,-0.46976,-0.42971,-0.39389,-0.36198,0.66641,-0.38697,-0.35555,-0.32766,0.69714,-0.35725,-0.3288
0.5,0.41099,-0.69113,0.52229,-0.64954,0.57436,-0.62494,-0.4057,-0.27697,-0.20193,0.8456,0.55349,0.34521,0.23884,-0.82284,0.46619,0.30058,0.21355,-0.83898,0.45711,-0.70664,0.55349,0.35511,-0.75358,-0.48585,0.68328,0.43729,0.29208,0.20993,0.15881,0.12458,0.10042,0.082707,0.069318,0.058947,0.050749,0.044155,-0.96123,-0.51802,0.72425,0.42168,0.27413,0.19693,0.1497,0.11805,0.095629,0.079094,-0.93347,0.43414,0.25824,0.18273,0.13895,0.11003,0.089547,0.074395,0.062831,0.053789,0.046579,0.040734,0.035929,0.03193,0.028566,0.025709,-0.97674,-0.4133,-0.2178,-0.1533,0.88235,0.53853,-0.67904,0.58232,0.36773,0.25193,0.1847,0.14169,0.11231,-0.90874,0.43526,0.2662,0.18849,-0.85722,-0.53882,-0.3289,-0.22669,-0.16785,0.87009,-0.45143,0.71766,-0.55683,-0.35152,-0.24202,0.82199,-0.47763,-0.30302,-0.21294,-0.15919,-0.1239,0.90072,-0.44467,-0.27132,0.80882,0.50217,0.31475,-0.78078,0.50873,0.32222,0.22428,0.16627,-0.87147,0.45646,0.283,0.19893,-0.85074,0.47047,-0.70714,0.56483,0.3545,0.2425,0.17746,0.13585,-0.89257,-0.5468,-0.3208,-0.2187,0.83873,0.52015,-0.68093,-0.4193,-0.27603,-0.19715,-0.14848,-0.11602,-0.093191,0.92349,-0.46,0.73148,-0.56775,-0.34886,-0.23731,-0.17342,-0.13272,0.89505,0.54199,0.31606,0.2152,-0.84142,0.48249,0.29807,0.20725,-0.84599,0.47941,0.29573,-0.79437,0.51098,0.31766,0.21916,0.16158,0.1244,0.098804,0.080389,-0.93332,-0.52261,-0.28913,-0.19667,-0.14567,-0.11303,0.90952,-0.46875,-0.2748,0.80977,0.48802,-0.69846,-0.42508,0.72404,-0.55453,-0.34466,-0.23435,-0.17065,-0.1301,-0.10253,-0.082898,-0.068407,-0.057407,-0.048861,-0.042089,-0.036634,-0.032175,-0.028484,-0.025394,-0.022782,-0.020553,-0.018637,-0.016977,-0.01553,-0.014261,-0.013141,0.98785,-0.85989,0.81753,-0.68712,0.65627,-0.63318,-0.37002,0.75874,0.44967,-0.71993,0.57365,-0.65573,0.60888,0.36541,0.24024,-0.82896,-0.48527,-0.29078,-0.19796,-0.14476,-0.11077,0.91244,-0.50822,-0.28169,-0.18938,-0.13844,-0.10615,0.91589,-0.51539,-0.28225,-0.189,-0.13788,-0.10557,0.91644,-0.52014,0.71706,0.39968,-0.74945,-0.43249,0.73214,-0.57569,-0.33902,0.77678,-0.55097,0.67646,0.39284,0.24995,0.17455,0.1292,0.099558,0.079066,-0.9357,0.55462,0.28398,0.18676,-0.86482,0.5293,0.29754,-0.80271,0.54978,0.31616,-0.79161,0.5531,0.31893,-0.79014,-0.4455,-0.26834,-0.1826,0.86691,-0.5318,-0.29641,-0.19559,-0.14044,-0.10605,-0.082973,-0.066687,0.94524,-0.60151,0.71305,0.37393,-0.76848,-0.42422,-0.25654,-0.17488,0.87248,0.45836,0.26078,0.17509,-0.87297,0.54705,0.29654,-0.80672,0.56522,0.31467,0.20383,-0.85585,0.55127,0.30053,0.19513,-0.86148,0.55482,0.29957,0.19395,0.13749,-0.89718,-0.43449,-0.24161,-0.16203,0.8824,-0.56716,-0.29601,-0.19005,0.86574,-0.56754,-0.29922,-0.1917,-0.13502,0.8995,-0.58179,-0.29318,-0.18662,0.86863,-0.57724,-0.2989
0.5,0.47935,-0.54739,0.49023,-0.54888,0.50003,-0.54834,-0.49187,-0.43894,-0.39115,0.65096,0.57804,0.5091,0.44737,-0.60609,0.46735,0.41018,0.36166,-0.67919,0.39994,-0.64765,0.43075,0.37801,-0.66611,-0.58657,0.48749,0.42592,0.37392,0.33045,0.29413,0.26366,0.23793,0.21603,0.19725,0.18101,0.16688,0.15449,-0.85644,-0.78611,0.2979,0.26423,0.2366,0.21363,0.19427,0.17777,0.16357,0.15122,-0.8596,0.21196,0.19221,0.17554,0.16129,0.14898,0.13825,0.12881,0.12044,0.11299,0.1063,0.10028,0.094818,0.089854,0.085321,0.081169,-0.92265,-0.86738,-0.78837,-0.69187,0.40974,0.34722,-0.70224,0.40178,0.34038,0.29207,0.25385,0.22322,0.19831,-0.82223,0.27569,0.23964,0.211,-0.81219,-0.71092,-0.60103,-0.5002,-0.41685,0.64894,-0.45486,0.61849,-0.48182,-0.40343,-0.34126,0.70765,-0.3987,-0.33703,-0.28872,-0.25054,-0.21994,0.80495,-0.29846,-0.25687,0.7758,0.66745,0.55781,-0.53765,0.55354,0.46024,0.3848,0.32557,-0.72081,0.38781,0.32736,0.28025,-0.75686,0.35198,-0.70126,0.40894,0.34323,0.29232,0.25247,0.2208,-0.80478,-0.69879,-0.58547,-0.48374,0.59878,0.49686,-0.58738,-0.48785,-0.40586,-0.34125,-0.29081,-0.25116,-0.21956,0.80601,-0.30115,0.74237,-0.37208,-0.31249,-0.26683,-0.23123,-0.20293,0.81997,0.71279,0.59513,0.48864,-0.59738,0.50738,0.41867,0.3492,-0.70448,0.40896,0.34131,-0.71081,0.40326,0.33666,0.28544,0.24562,0.21415,0.18883,0.16815,-0.849,-0.7443,-0.62147,-0.50661,-0.41339,-0.34202,0.71213,-0.40624,-0.33679,0.71603,0.59765,-0.51076,-0.41844,0.65322,-0.46082,-0.37955,-0.31709,-0.26911,-0.23178,-0.20223,-0.17843,-0.15895,-0.14278,-0.12919,-0.11763,-0.10771,-0.099122,-0.091621,-0.085027,-0.079192,-0.074,-0.069355,-0.06518,-0.061411,-0.057994,-0.054885,0.94795,-0.12799,0.88593,-0.24039,0.80139,-0.35807,-0.27799,0.77636,0.60479,-0.55173,0.5906,-0.56151,0.58295,0.43299,0.32776,-0.74309,-0.56587,-0.41743,-0.31608,-0.24836,-0.2015,0.83229,-0.34462,-0.26321,-0.20997,-0.17293,-0.14586,0.87468,-0.29753,-0.22881,-0.18427,-0.15316,-0.13026,0.88725,-0.28626,0.78084,0.57509,-0.59541,-0.42169,0.69182,-0.50225,-0.35966,0.73072,-0.46935,0.66267,0.4726,0.34004,0.25636,0.20165,0.16394,0.1367,-0.88373,0.31318,0.23061,0.18051,-0.85299,0.36176,0.25921,-0.80145,0.42419,0.29709,-0.77756,0.44913,0.31215,-0.76846,-0.54065,-0.36712,-0.26436,0.79846,-0.43309,-0.29982,-0.22238,-0.17358,-0.14052,-0.11686,-0.099228,0.91434,-0.30645,0.78615,0.516,-0.6708,-0.42649,-0.28341,-0.20457,0.84328,0.56804,0.35062,0.23869,-0.82383,0.46114,0.29176,-0.79496,0.49447,0.30787,0.21296,-0.84124,0.45943,0.28355,0.19699,-0.85243,0.46052,0.27829,0.19147,0.14266,-0.88816,-0.55813,-0.30861,-0.20088,0.85501,-0.50274,-0.27968,-0.18375,0.86686,-0.51571,-0.27453,-0.17679,-0.12666,0.90332,-0.52314,-0.25305,-0.15759,0.88897,-0.59983,-0.25468
0.5,0.46925,-0.57376,0.49328,-0.57361,0.51245,-0.56947,-0.47425,-0.39399,-0.3297,0.72106,0.60029,0.48912,0.39968,-0.66902,0.45014,0.36916,0.30741,-0.74007,0.38515,-0.68236,0.44128,0.36084,-0.69974,-0.57603,0.53274,0.43334,0.35641,0.29771,0.2524,0.21682,0.18836,0.16523,0.14615,0.13023,0.11679,0.10534,-0.9045,-0.78159,0.38254,0.30335,0.25007,0.21158,0.18233,0.15928,0.14064,0.12525,-0.88764,0.23854,0.19906,0.17047,0.14857,0.13114,0.11689,0.10502,0.094963,0.086349,0.078896,0.072394,0.066681,0.061631,0.057141,0.053131,-0.95047,-0.83064,-0.62511,-0.45828,0.64624,0.50795,-0.59573,0.52145,0.42179,0.34653,0.28979,0.24621,0.212,-0.81538,0.31057,0.25861,0.2199,-0.81006,-0.68007,-0.54694,-0.43876,-0.3579,0.70227,-0.42163,0.65373,-0.46496,-0.38063,-0.31648,0.73271,-0.39096,-0.32289,-0.2715,-0.23181,-0.20046,0.82479,-0.30122,-0.25102,0.7863,0.65383,0.52518,-0.57721,0.53263,0.43313,0.3565,0.29812,-0.74692,0.37737,0.31215,0.26299,-0.77502,0.3517,-0.70876,0.41857,0.34274,0.2862,0.24305,0.20929,-0.8177,-0.69123,-0.55811,-0.44798,0.63491,0.51736,-0.57867,-0.47214,-0.38743,-0.32234,-0.27219,-0.23295,-0.20171,0.82358,-0.30163,0.74841,-0.38511,-0.31512,-0.26384,-0.2249,-0.19444,0.82998,0.70275,0.56591,0.45251,-0.6323,0.48571,0.39609,0.32805,-0.72386,0.39942,0.32958,-0.72321,0.40101,0.33047,0.27732,0.23639,0.20413,0.1782,0.15701,-0.86057,-0.73592,-0.59111,-0.4686,-0.37783,-0.31158,0.73789,-0.38884,-0.32027,0.73102,0.60509,-0.50946,-0.41466,0.6577,-0.45981,-0.37736,-0.31437,-0.26588,-0.22792,-0.19764,-0.17309,-0.15289,-0.13605,-0.12187,-0.10979,-0.099436,-0.090479,-0.082681,-0.075849,-0.06983,-0.0645,-0.059758,-0.05552,-0.051717,-0.048292,-0.045196,0.95761,-0.16063,0.86686,-0.32025,0.75118,-0.41521,-0.32727,0.73159,0.59474,-0.52394,0.57693,-0.53166,0.56668,0.46295,0.38088,-0.68225,-0.56414,-0.46099,-0.37942,-0.31666,-0.26814,0.76997,-0.35363,-0.29388,-0.2488,-0.21382,-0.18601,0.83655,-0.28866,-0.2411,-0.20579,-0.17845,-0.15662,0.86121,-0.26526,0.77853,0.63758,-0.49273,-0.39614,0.67445,-0.44806,-0.36683,0.69435,-0.42681,0.64861,0.53222,0.43478,0.35897,0.3008,0.2557,0.22012,-0.80843,0.31579,0.26345,0.22422,-0.80625,0.3221,0.26732,-0.77323,0.35747,0.29469,-0.75164,0.37715,0.31065,-0.73873,-0.61195,-0.49587,-0.40387,0.66591,-0.45224,-0.37164,-0.31015,-0.26278,-0.22563,-0.19595,-0.17183,0.84804,-0.27568,0.76916,0.63246,-0.49393,-0.39863,-0.32822,-0.27549,0.76502,0.6394,0.51883,0.42141,-0.65269,0.46413,0.38102,-0.68253,0.43613,0.35938,0.3008,-0.74448,0.37858,0.31366,0.26458,-0.77344,0.35203,0.29203,0.24705,0.21226,-0.81535,-0.68897,-0.55682,-0.44766,0.6346,-0.48202,-0.39422,-0.32727,0.724,-0.39812,-0.32913,-0.27685,-0.23641,0.79557,-0.32949,-0.27422,-0.23282,0.79927,-0.32864,-0.27269
0.5,0.48599,-0.529,0.48873,-0.52887,0.4914,-0.52848,-0.50606,-0.48366,-0.46152,0.56015,0.53306,0.50645,0.48058,-0.54435,0.48438,0.45842,0.43373,-0.58962,0.44258,-0.58187,0.45064,0.42523,-0.59855,-0.56473,0.46791,0.44074,0.41536,0.39175,0.36983,0.34951,0.33067,0.31322,0.29704,0.28203,0.26809,0.25513,-0.75694,-0.71961,0.31916,0.3016,0.28549,0.27068,0.25702,0.2444,0.23272,0.22187,-0.78821,0.24952,0.23707,0.22559,0.21499,0.20515,0.19602,0.18751,0.17957,0.17214,0.16518,0.15865,0.15251,0.14673,0.14128,0.13613,-0.86873,-0.8346,-0.79528,-0.75195,0.29377,0.27563,-0.74055,0.30387,0.28538,0.2688,0.25386,0.24031,0.22797,-0.78332,0.25726,0.24346,0.2309,-0.7806,-0.73999,-0.69745,-0.65438,-0.61204,0.42859,-0.59959,0.43953,-0.58892,-0.55106,-0.51543,0.51775,-0.51531,-0.48263,-0.45235,-0.42441,-0.39873,0.62487,-0.41231,-0.3877,0.63491,0.5976,0.56147,-0.473,0.55597,0.52198,0.48995,0.46003,-0.56775,0.46655,0.43837,0.41227,-0.61185,0.42415,-0.6009,0.43474,0.40888,0.38501,0.36298,0.34268,-0.67604,-0.63844,-0.60123,-0.56511,0.46941,0.44078,-0.5857,-0.55046,-0.51692,-0.48534,-0.45585,-0.42846,-0.40312,0.62028,-0.41599,0.60846,-0.42748,-0.40215,-0.37877,-0.35721,-0.33734,0.68098,0.64328,0.60589,0.56953,-0.46527,0.56312,0.52879,0.49639,-0.53394,0.49862,0.46827,-0.55999,0.47381,0.44522,0.41869,0.39415,0.37149,0.35059,0.33131,-0.68649,-0.64884,-0.61137,-0.57483,-0.53979,-0.5066,0.52451,-0.50762,-0.4766,0.55232,0.51883,-0.51274,-0.48159,0.54751,-0.48556,-0.45625,-0.42898,-0.40373,-0.38038,-0.35883,-0.33894,-0.32058,-0.30362,-0.28794,-0.27341,-0.25994,-0.24744,-0.2358,-0.22497,-0.21486,-0.20542,-0.19659,-0.18831,-0.18054,-0.17325,-0.16639,0.84008,-0.19517,0.81355,-0.22509,0.78613,-0.25489,-0.24112,0.7714,0.72978,-0.31341,0.7054,-0.33748,0.6832,0.64103,0.59983,-0.43957,-0.41095,-0.38498,-0.36141,-0.33998,-0.32045,0.69738,-0.34215,-0.32249,-0.30453,-0.28808,-0.27297,0.74093,-0.29807,-0.28198,-0.26721,-0.25364,-0.24112,0.77045,-0.26817,0.74574,0.70578,-0.33513,-0.31546,0.7024,-0.33808,-0.31835,0.6996,-0.34055,0.67924,0.63928,0.60001,0.56221,0.52639,0.49285,0.46172,-0.56701,0.46816,0.43922,0.41252,-0.61205,0.42454,0.39911,-0.6243,0.41254,0.3881,-0.6344,0.40268,0.37901,-0.64277,-0.60547,-0.56921,-0.53449,0.49834,-0.53219,-0.49966,-0.46918,-0.44081,-0.41453,-0.39024,-0.36783,0.65283,-0.38432,0.63776,0.60077,-0.43515,-0.40909,-0.38505,-0.36291,0.65748,0.62004,0.58336,0.54803,-0.48553,0.54414,0.51094,-0.52026,0.51145,0.48033,0.45128,-0.5757,0.45878,0.43128,0.40581,-0.61773,0.41836,0.3938,0.37113,0.35023,-0.66905,-0.63161,-0.59469,-0.55894,0.47517,-0.55378,-0.52008,-0.48833,0.54135,-0.49151,-0.46171,-0.43398,-0.40829,0.61545,-0.42058,-0.39585,-0.37302,0.64803,-0.38899,-0.36656
0.5,0.47632,-0.55551,0.49109,-0.55694,0.5039,-0.55557,-0.48612,-0.42326,-0.36874,0.6775,0.58787,0.50407,0.43169,-0.62841,0.46075,0.39487,0.34099,-0.70297,0.39256,-0.66215,0.4324,0.37013,-0.68005,-0.58457,0.50259,0.42816,0.36734,0.31806,0.27795,0.24501,0.21764,0.19467,0.17519,0.15853,0.14415,0.13166,-0.87926,-0.7862,0.33105,0.28042,0.24242,0.21275,0.18886,0.16918,0.15268,0.13863,-0.87345,0.22252,0.19462,0.17262,0.15471,0.13981,0.12718,0.11634,0.10691,0.098657,0.091364,0.084882,0.079087,0.073882,0.069185,0.064931,-0.93894,-0.85324,-0.71411,-0.56967,0.54286,0.44417,-0.62929,0.47191,0.39801,0.34017,0.29447,0.25778,0.22784,-0.79698,0.30132,0.2616,0.22993,-0.79588,-0.69527,-0.59023,-0.49667,-0.42002,0.64104,-0.45284,0.61336,-0.47647,-0.40693,-0.35041,0.69542,-0.39973,-0.3439,-0.29889,-0.26224,-0.23205,0.79312,-0.30413,-0.26428,0.76762,0.66633,0.56522,-0.52297,0.55692,0.47309,0.40371,0.34753,-0.69792,0.39762,0.34206,0.2973,-0.73911,0.35832,-0.69067,0.40694,0.34874,0.30223,0.26463,0.23382,-0.79177,-0.69404,-0.59167,-0.4996,0.57657,0.48981,-0.58265,-0.49685,-0.42425,-0.36479,-0.31648,-0.27705,-0.24456,0.78249,-0.31441,0.72696,-0.37394,-0.32088,-0.27886,-0.24498,-0.2172,0.80593,0.70781,0.60288,0.50781,-0.57075,0.51601,0.4387,0.37569,-0.67516,0.41918,0.35986,-0.68801,0.40715,0.34989,0.30375,0.26624,0.23538,0.20968,0.18804,-0.83036,-0.73447,-0.62683,-0.52678,-0.44357,-0.37726,0.67528,-0.42111,-0.36056,0.68794,0.592,-0.49603,-0.42291,0.63667,-0.45431,-0.38915,-0.33621,-0.29316,-0.25787,-0.22863,-0.20414,-0.18343,-0.16575,-0.15052,-0.13732,-0.12578,-0.11565,-0.1067,-0.098752,-0.091661,-0.085309,-0.079595,-0.074438,-0.069766,-0.065521,-0.061653,0.94188,-0.14184,0.87457,-0.25192,0.78798,-0.34377,-0.28633,0.75489,0.64104,-0.46532,0.60921,-0.48602,0.58828,0.49963,0.42536,-0.63491,-0.54394,-0.46404,-0.39761,-0.34345,-0.29934,0.73682,-0.35902,-0.31054,-0.27149,-0.23958,-0.21315,0.80902,-0.2876,-0.25054,-0.2209,-0.19664,-0.17644,0.84063,-0.25629,0.7763,0.66905,-0.43694,-0.36913,0.68336,-0.41579,-0.35529,0.69273,-0.4042,0.65309,0.55921,0.47608,0.40691,0.35067,0.30504,0.26775,-0.76304,0.33338,0.28912,0.25354,-0.77555,0.32289,0.27971,-0.75472,0.34565,0.29798,-0.73983,0.3603,0.3101,-0.72974,-0.63039,-0.5357,-0.45456,0.61166,-0.4775,-0.40819,-0.35178,-0.30598,-0.26855,-0.23764,-0.21183,0.80995,-0.28586,0.7507,0.64798,-0.45143,-0.3832,-0.32936,-0.28642,0.74834,0.65024,0.55394,0.46996,-0.59908,0.48866,0.41752,-0.64055,0.45003,0.38607,0.33403,-0.70836,0.38649,0.3334,0.29054,-0.74444,0.35238,0.30474,0.26649,0.23529,-0.79054,-0.69297,-0.59108,-0.49954,0.57622,-0.50999,-0.4346,-0.37301,0.67687,-0.4167,-0.3583,-0.31106,-0.27259,0.75909,-0.33747,-0.29248,-0.25633,0.77321,-0.32515,-0.28163
0.5,0.48667,-0.52706,0.48859,-0.5266,0.49047,-0.52603,-0.50773,-0.48949,-0.47146,0.54627,0.52525,0.50454,0.48427,-0.53547,0.48669,0.46628,0.44658,-0.57233,0.45221,-0.56739,0.45744,0.43725,-0.58199,-0.55615,0.46898,0.44767,0.42741,0.40821,0.39004,0.37287,0.35666,0.34138,0.32696,0.31337,0.30055,0.28846,-0.72296,-0.6936,0.33627,0.32158,0.3078,0.29488,0.28275,0.27135,0.26063,0.25053,-0.75899,0.27083,0.25989,0.24962,0.23996,0.23088,0.22231,0.21423,0.20659,0.19936,0.19252,0.18602,0.17986,0.17401,0.16844,0.16314,-0.84192,-0.81417,-0.78376,-0.75122,0.28275,0.26973,-0.74226,0.29145,0.27799,0.26558,0.2541,0.24344,0.23353,-0.77573,0.25608,0.24528,0.23524,-0.77413,-0.74225,-0.70913,-0.67544,-0.64183,0.39115,-0.62889,0.40324,-0.61729,-0.58595,-0.55579,0.47297,-0.55133,-0.52318,-0.4965,-0.47134,-0.44772,0.5744,-0.45393,-0.43159,0.58933,0.56076,0.53326,-0.493,0.53121,0.50518,0.48046,0.45708,-0.56495,0.46228,0.44001,0.41904,-0.60065,0.42768,-0.59254,0.43554,0.41486,0.39544,0.37722,0.36013,-0.6559,-0.62638,-0.59726,-0.56884,0.45862,0.43649,-0.58432,-0.55642,-0.52954,-0.50384,-0.4794,-0.45626,-0.43443,0.58611,-0.44167,0.5793,-0.44825,-0.42691,-0.40683,-0.38797,-0.37027,0.64634,0.61706,0.58826,0.56024,-0.46679,0.55572,0.52893,0.50331,-0.52106,0.50414,0.47978,-0.54329,0.48283,0.45962,0.4377,0.41705,0.39763,0.37938,0.36225,-0.65382,-0.62448,-0.59553,-0.56729,-0.53999,-0.51382,0.51112,-0.51365,-0.48878,0.53481,0.50901,-0.51556,-0.49069,0.53292,-0.49271,-0.46903,-0.44662,-0.42548,-0.40558,-0.38687,-0.36931,-0.35281,-0.33733,-0.32279,-0.30914,-0.2963,-0.28423,-0.27287,-0.26216,-0.25206,-0.24253,-0.23353,-0.22502,-0.21696,-0.20932,-0.20208,0.80479,-0.22392,0.7844,-0.24591,0.76391,-0.26756,-0.25625,0.75428,0.7224,-0.31035,0.70392,-0.32885,0.6866,0.65403,0.62178,-0.40969,-0.38902,-0.36987,-0.35213,-0.33565,-0.32035,0.6939,-0.3374,-0.32201,-0.30768,-0.29432,-0.28185,0.72982,-0.30111,-0.2881,-0.27595,-0.26459,-0.25395,0.75603,-0.27462,0.7368,0.70541,-0.32657,-0.31159,0.70232,-0.3295,-0.3144,0.69964,-0.33205,0.68316,0.65152,0.62015,0.58948,0.55983,0.53145,0.50447,-0.52101,0.50518,0.4799,0.45608,-0.5663,0.46144,0.43888,-0.5823,0.44581,0.42429,-0.5959,0.43252,0.41187,-0.6075,-0.57883,-0.55102,-0.52429,0.50123,-0.52313,-0.49774,-0.47363,-0.45083,-0.42932,-0.40909,-0.39009,0.62775,-0.40116,0.61742,0.58867,-0.43931,-0.4184,-0.39876,-0.38032,0.63697,0.60778,0.57917,0.55142,-0.47526,0.54772,0.52125,-0.50402,0.52039,0.49522,0.47132,-0.55129,0.47516,0.45236,0.43085,-0.5894,0.43839,0.41767,0.3982,0.3799,-0.63727,-0.60822,-0.57972,-0.55207,0.47455,-0.54832,-0.5219,-0.49667,0.5273,-0.49813,-0.47412,-0.4514,-0.42995,0.59024,-0.43757,-0.41691,-0.39748,0.62076,-0.40791,-0.38898
0.5,0.47077,-0.56992,0.49277,-0.57026,0.51063,-0.56678,-0.47668,-0.39964,-0.33698,0.71317,0.59857,0.49274,0.40631,-0.6611,0.45205,0.37396,0.31358,-0.73337,0.38591,-0.679,0.43886,0.36216,-0.69637,-0.57825,0.52648,0.43218,0.35843,0.30149,0.25709,0.22193,0.19361,0.17045,0.15125,0.13516,0.12152,0.10986,-0.90019,-0.78369,0.37067,0.29799,0.24802,0.21137,0.18322,0.16084,0.14262,0.1275,-0.88524,0.23464,0.19775,0.17056,0.14947,0.13255,0.11862,0.10694,0.097006,0.088458,0.081033,0.074533,0.068802,0.063721,0.059191,0.055134,-0.94851,-0.83633,-0.6444,-0.47943,0.62796,0.4971,-0.60064,0.5133,0.41869,0.34669,0.29187,0.24939,0.2158,-0.81127,0.30897,0.2595,0.22211,-0.80713,-0.68317,-0.55558,-0.44984,-0.36938,0.69124,-0.42666,0.64683,-0.46603,-0.38482,-0.3222,0.72634,-0.39157,-0.32612,-0.27603,-0.23694,-0.20581,0.81942,-0.30068,-0.25277,0.7834,0.65725,0.53378,-0.56643,0.53731,0.44069,0.36521,0.30706,-0.73819,0.38029,0.3171,0.26882,-0.76888,0.35187,-0.7061,0.41527,0.3432,0.28872,0.24667,0.21348,-0.81325,-0.69266,-0.5656,-0.45849,0.62366,0.51233,-0.57895,-0.47657,-0.39415,-0.33002,-0.2801,-0.24074,-0.20921,0.81646,-0.30293,0.74518,-0.38167,-0.31539,-0.26605,-0.22814,-0.19822,0.82594,0.70467,0.57409,0.46369,-0.62052,0.49121,0.40388,0.33664,-0.7152,0.40225,0.3346,-0.7172,0.40113,0.33342,0.2817,0.24144,0.20945,0.18356,0.16228,-0.85546,-0.7368,-0.59954,-0.48076,-0.39066,-0.32386,0.72652,-0.39417,-0.32721,0.72356,0.60372,-0.50561,-0.41543,0.6543,-0.45794,-0.37909,-0.31811,-0.27066,-0.23317,-0.20306,-0.17849,-0.15817,-0.14116,-0.12676,-0.11447,-0.10389,-0.094711,-0.086699,-0.079663,-0.073449,-0.067935,-0.063019,-0.058618,-0.054662,-0.051093,-0.047863,0.95507,-0.15526,0.86939,-0.30535,0.75897,-0.4018,-0.31983,0.73561,0.60294,-0.51367,0.58207,-0.5239,0.5697,0.46907,0.38855,-0.67404,-0.5614,-0.46284,-0.384,-0.3226,-0.27464,0.76333,-0.3546,-0.29709,-0.25312,-0.21864,-0.19101,0.83154,-0.28779,-0.24249,-0.20833,-0.18158,-0.16005,0.85765,-0.26274,0.7786,0.64437,-0.48167,-0.39098,0.67597,-0.44202,-0.36496,0.69367,-0.42265,0.64912,0.53721,0.44244,0.36773,0.30977,0.26445,0.22847,-0.80055,0.31799,0.26745,0.229,-0.80117,0.32106,0.26884,-0.77042,0.35421,0.29466,-0.74991,0.37321,0.31014,-0.73732,-0.61596,-0.50384,-0.41356,0.65587,-0.45647,-0.37809,-0.31751,-0.27038,-0.23312,-0.20316,-0.17871,0.84154,-0.2764,0.76655,0.63681,-0.48461,-0.39505,-0.32807,-0.27729,0.76211,0.64199,0.52606,0.43088,-0.64263,0.46836,0.38756,-0.67502,0.43798,0.36386,0.30655,-0.7382,0.37915,0.31674,0.26892,-0.76851,0.35116,0.2938,0.2502,0.21613,-0.81114,-0.69062,-0.5644,-0.45817,0.62339,-0.48711,-0.40163,-0.33555,0.71559,-0.40078,-0.33399,-0.28271,-0.24263,0.78931,-0.32994,-0.27691,-0.23661,0.79496,-0.32695,-0.2737
0.5,0.48779,-0.52385,0.48838,-0.52279,0.48892,-0.52181,-0.51058,-0.49979,-0.48943,0.52053,0.51013,0.50011,0.49045,-0.51886,0.49083,0.48181,0.47311,-0.53529,0.47407,-0.5341,0.47497,0.46702,-0.54068,-0.53189,0.47666,0.4691,0.46176,0.45465,0.44775,0.44106,0.43456,0.42826,0.42214,0.41619,0.41042,0.40481,-0.60064,-0.59263,0.41525,0.40978,0.40446,0.39928,0.39423,0.38931,0.38452,0.37986,-0.62469,0.38274,0.37822,0.3738,0.3695,0.3653,0.36119,0.35719,0.35327,0.34945,0.34571,0.34205,0.33848,0.33498,0.33156,0.32822,-0.67506,-0.66834,-0.66167,-0.65503,0.35155,0.34803,-0.65542,0.35105,0.3476,0.34422,0.3409,0.33764,0.33445,-0.66867,0.33756,0.33442,0.33134,-0.67168,-0.66557,-0.65948,-0.65342,-0.6474,0.35858,-0.64472,0.3612,-0.64211,-0.63625,-0.63043,0.37535,-0.62808,-0.62236,-0.61669,-0.61106,-0.60548,0.40006,-0.60359,-0.59811,0.40732,0.40364,0.40001,-0.60355,0.40181,0.39825,0.39475,0.3913,-0.61209,0.3932,0.38981,0.38647,-0.61682,0.38842,-0.61487,0.39032,0.38703,0.38379,0.3806,0.37746,-0.62564,-0.62051,-0.61542,-0.61036,0.39467,0.39143,-0.61177,-0.60678,-0.60182,-0.5969,-0.59202,-0.58716,-0.58235,0.42243,-0.58103,0.42371,-0.57974,-0.57503,-0.57036,-0.56572,-0.56113,0.44343,0.43984,0.43629,0.43279,-0.57067,0.43388,0.43043,0.42701,-0.57635,0.42818,0.42482,-0.57851,0.42601,0.42269,0.41941,0.41617,0.41296,0.4098,0.40667,-0.59642,-0.59189,-0.58739,-0.58292,-0.57848,-0.57407,0.43031,-0.57297,-0.56861,0.43572,0.43241,-0.57087,-0.56655,0.43774,-0.56557,-0.5613,-0.55707,-0.55286,-0.54868,-0.54454,-0.54043,-0.53635,-0.5323,-0.52829,-0.52431,-0.52036,-0.51645,-0.51257,-0.50872,-0.50491,-0.50113,-0.49738,-0.49367,-0.48999,-0.48635,-0.48274,0.52084,-0.48301,0.52056,-0.48329,0.52028,-0.48356,-0.48,0.52352,0.51969,-0.48412,0.51942,-0.48438,0.51916,0.51537,0.51162,-0.49211,-0.48853,-0.48498,-0.48146,-0.47797,-0.47452,0.5289,-0.47491,-0.47149,-0.4681,-0.46474,-0.46141,0.54189,-0.46198,-0.45868,-0.45542,-0.45218,-0.44897,0.55421,-0.44971,0.55347,0.54956,-0.45433,-0.45112,0.55206,-0.45183,-0.44865,0.55451,-0.44939,0.55377,0.54988,0.54602,0.54218,0.53837,0.53458,0.53082,-0.47292,0.53041,0.52668,0.52297,-0.48071,0.52267,0.519,-0.48464,0.51876,0.51512,-0.48849,0.51493,0.51132,-0.49226,-0.48881,-0.48539,-0.482,0.52136,-0.48228,-0.47891,-0.47558,-0.47227,-0.46899,-0.46574,-0.46251,0.54069,-0.46305,0.54015,0.53642,-0.46729,-0.46406,-0.46086,-0.45768,0.54547,0.54172,0.53799,0.53428,-0.46941,0.53383,0.53015,-0.4735,0.52976,0.52611,0.52249,-0.48112,0.5222,0.5186,0.51503,-0.48852,0.51485,0.5113,0.50778,0.50429,-0.49918,-0.49575,-0.49234,-0.48896,0.5144,-0.48913,-0.48577,-0.48244,0.52086,-0.48271,-0.4794,-0.47612,-0.47286,0.53037,-0.47326,-0.47003,-0.46682,0.53636,-0.46729,-0.46411
0.5,0.43296,-0.6534,0.5108,-0.62931,0.55384,-0.61015,-0.42658,-0.30659,-0.23072,0.81982,0.58095,0.39023,0.27942,-0.78847,0.44676,0.31109,0.23118,-0.82038,0.42205,-0.70672,0.51674,0.35672,-0.73927,-0.51545,0.64339,0.44411,0.31529,0.23552,0.18306,0.14655,0.12003,0.10013,0.084794,0.072728,0.063062,0.055199,-0.95128,-0.63756,0.63973,0.4044,0.2817,0.21121,0.16556,0.13373,0.11042,0.092769,-0.92095,0.35585,0.23803,0.17852,0.14122,0.1153,0.096201,0.081597,0.070128,0.060937,0.053449,0.047264,0.042094,0.037729,0.034009,0.030813,-0.97195,-0.58565,-0.30764,-0.21246,0.83789,0.5732,-0.62351,0.5782,0.39786,0.28722,0.2178,0.17126,0.13834,-0.88588,0.37108,0.25523,0.19213,-0.84832,-0.59481,-0.39135,-0.2783,-0.21041,0.83445,-0.4103,0.71467,-0.51135,-0.35349,-0.25909,0.80105,-0.43481,-0.30365,-0.22653,-0.17656,-0.14184,0.88344,-0.3749,-0.25744,0.8065,0.55733,0.37397,-0.73062,0.49312,0.34314,0.25278,0.19472,-0.8451,0.40158,0.27887,0.20903,-0.83609,0.41257,-0.71433,0.51309,0.35391,0.25901,0.19868,0.15759,-0.87185,-0.61671,-0.39934,-0.28126,0.78837,0.55036,-0.62622,-0.42972,-0.3062,-0.22974,-0.17919,-0.14382,-0.11801,0.90143,-0.36575,0.75174,-0.50009,-0.3398,-0.2484,-0.19097,-0.1519,0.87614,0.61841,0.39848,0.28019,-0.78925,0.44958,0.31212,0.23167,-0.82014,0.42317,0.29392,-0.7807,0.45671,0.31693,0.23484,0.18203,0.14558,0.11918,0.099376,-0.91588,-0.63873,-0.39108,-0.27082,-0.20318,-0.15956,0.87089,-0.38791,-0.26617,0.80064,0.55286,-0.62835,-0.42873,0.69528,-0.51755,-0.36028,-0.26391,-0.20213,-0.16,-0.12985,-0.10749,-0.090424,-0.077106,-0.066512,-0.057949,-0.050931,-0.045108,-0.040224,-0.036089,-0.032558,-0.029519,-0.026884,-0.024586,-0.02257,-0.020791,-0.019214,0.98219,-0.52378,0.73827,-0.5655,0.63682,-0.57458,-0.39269,0.71699,0.49933,-0.65157,0.54823,-0.61812,0.57009,0.3975,0.28829,-0.78126,-0.55063,-0.37653,-0.2728,-0.20775,-0.16391,0.86725,-0.38667,-0.26674,-0.20015,-0.15735,-0.12748,0.89446,-0.37205,-0.25296,-0.1897,-0.14952,-0.12153,0.89906,-0.37107,0.74883,0.49774,-0.6615,-0.45191,0.6814,-0.52771,-0.36732,0.73144,-0.48869,0.6588,0.45609,0.32298,0.24063,0.1866,0.14907,0.12186,-0.89854,0.3683,0.25012,0.18762,-0.85205,0.40721,0.27914,-0.79178,0.45236,0.31238,-0.76866,0.46536,0.3231,-0.76103,-0.5304,-0.36398,-0.26487,0.79771,-0.44007,-0.30612,-0.22761,-0.17691,-0.14179,-0.11628,-0.097094,0.91771,-0.36244,0.75835,0.49715,-0.66464,-0.45166,-0.31747,-0.23614,0.81685,0.57454,0.38525,0.27603,-0.79099,0.44679,0.31035,-0.76966,0.46444,0.32236,0.23836,-0.81568,0.42761,0.29656,0.22081,-0.82803,0.42006,0.29036,0.21632,0.16871,-0.86433,-0.60631,-0.39313,-0.2773,0.79128,-0.44959,-0.31119,-0.23053,0.82129,-0.42482,-0.29391,-0.21875,-0.17039,0.86313,-0.39483,-0.27082,-0.20233,0.84149,-0.414,-0.28431
0.5,0.47003,-0.5718,0.49306,-0.57191,0.51158,-0.56811,-0.47542,-0.39674,-0.33323,0.71727,0.59934,0.49067,0.40268,-0.6654,0.45096,0.37135,0.31025,-0.737,0.38557,-0.68078,0.44024,0.36151,-0.69814,-0.57698,0.52991,0.4329,0.35745,0.29955,0.25464,0.2192,0.19075,0.16755,0.14837,0.13232,0.11874,0.10716,-0.90281,-0.78173,0.3792,0.3021,0.24987,0.21194,0.18301,0.16013,0.14157,0.12622,-0.88666,0.23766,0.19893,0.17074,0.14906,0.13175,0.11757,0.10573,0.095679,0.087059,0.079589,0.073064,0.067325,0.062246,0.057727,0.053687,-0.94994,-0.83148,-0.62881,-0.46263,0.64227,0.50601,-0.59609,0.51976,0.42166,0.34737,0.29115,0.24782,0.21372,-0.81366,0.31053,0.25927,0.22091,-0.80889,-0.68074,-0.54942,-0.44213,-0.3615,0.69875,-0.42308,0.65155,-0.46509,-0.38194,-0.31838,0.73055,-0.39111,-0.32398,-0.27305,-0.23356,-0.20227,0.823,-0.30121,-0.2517,0.78529,0.6548,0.52783,-0.57379,0.53397,0.43555,0.35938,0.30113,-0.74397,0.37833,0.31382,0.26496,-0.77295,0.3518,-0.70783,0.41749,0.34294,0.28711,0.24432,0.21073,-0.8162,-0.69155,-0.56039,-0.45129,0.63131,0.51589,-0.57851,-0.47351,-0.38967,-0.32496,-0.27491,-0.23562,-0.20426,0.82119,-0.30223,0.74724,-0.38414,-0.31534,-0.26467,-0.22605,-0.19573,0.82864,0.70319,0.5683,0.4559,-0.62865,0.48726,0.39851,0.3308,-0.72105,0.40025,0.33119,-0.72124,0.40098,0.33143,0.27878,0.23807,0.20589,0.17995,0.1587,-0.85896,-0.73596,-0.59336,-0.47204,-0.38156,-0.31522,0.73448,-0.39031,-0.32232,0.72876,0.60481,-0.50804,-0.41484,0.65661,-0.4591,-0.37792,-0.31563,-0.2675,-0.22968,-0.19944,-0.17485,-0.15458,-0.13765,-0.12337,-0.1112,-0.10074,-0.091692,-0.083806,-0.076892,-0.070798,-0.065397,-0.06059,-0.056292,-0.052435,-0.048959,-0.045817,0.95703,-0.16021,0.86693,-0.31807,0.75215,-0.41294,-0.32624,0.73193,0.59629,-0.52162,0.57783,-0.52983,0.56713,0.46446,0.38296,-0.67994,-0.56349,-0.46173,-0.38097,-0.31859,-0.2702,0.76791,-0.35409,-0.29494,-0.25014,-0.21527,-0.18747,0.83513,-0.28867,-0.24163,-0.20657,-0.17935,-0.15756,0.86027,-0.26488,0.77838,0.63903,-0.49017,-0.39509,0.67456,-0.44663,-0.36656,0.69393,-0.4258,0.64857,0.53355,0.43695,0.36151,0.30342,0.25825,0.22253,-0.80618,0.31657,0.26466,0.2256,-0.80482,0.32198,0.26784,-0.7724,0.35672,0.29478,-0.75109,0.37617,0.31061,-0.73826,-0.61299,-0.49805,-0.40659,0.66306,-0.45336,-0.37346,-0.31227,-0.26498,-0.22778,-0.198,-0.17376,0.84625,-0.27613,0.76831,0.63336,-0.49169,-0.39792,-0.32842,-0.27619,0.76405,0.63993,0.52069,0.42396,-0.64993,0.46519,0.3828,-0.68042,0.43657,0.36063,0.30244,-0.74268,0.37875,0.31455,0.26582,-0.77204,0.35185,0.29257,0.24796,0.21335,-0.81419,-0.68928,-0.5587,-0.45036,0.63165,-0.48323,-0.39617,-0.32953,0.72168,-0.39879,-0.33046,-0.27848,-0.23814,0.79384,-0.32969,-0.27501,-0.23389,0.79808,-0.32829,-0.27303
0.5,0.42555,-0.66684,0.51424,-0.63691,0.56065,-0.61561,-0.4194,-0.29582,-0.2201,0.82928,0.57495,0.37642,0.2658,-0.80039,0.4511,0.30632,0.22418,-0.82747,0.43071,-0.7083,0.52859,0.35525,-0.74528,-0.50589,0.65818,0.44178,0.30623,0.22534,0.17351,0.13811,0.11274,0.093893,0.07948,0.068198,0.059195,0.051891,-0.95412,-0.62763,0.65348,0.40284,0.27486,0.20331,0.15798,0.1269,0.10447,0.087653,-0.92531,0.36433,0.23784,0.1759,0.13786,0.11186,0.092967,0.078675,0.067549,0.058691,0.051511,0.045602,0.040677,0.036524,0.03299,0.029954,-0.97267,-0.59251,-0.30672,-0.20914,0.84196,0.56168,-0.64176,0.58108,0.385,0.27071,0.20197,0.15725,0.1263,-0.8961,0.38371,0.25409,0.18724,-0.8542,-0.57791,-0.36659,-0.25574,-0.1911,0.85074,-0.42121,0.71933,-0.53001,-0.35062,-0.24922,0.81243,-0.45094,-0.30116,-0.21839,-0.16705,-0.13251,0.89205,-0.3959,-0.25946,0.8102,0.53468,0.34526,-0.75644,0.49896,0.3308,0.23641,0.17862,-0.85972,0.42103,0.27739,0.20158,-0.84513,0.43636,-0.71335,0.5393,0.353,0.24875,0.18604,0.14501,-0.8835,-0.59072,-0.36182,-0.24881,0.81538,0.53894,-0.65433,-0.42297,-0.28781,-0.20984,-0.16063,-0.1273,-0.10357,0.91398,-0.39787,0.74739,-0.53332,-0.34197,-0.23986,-0.17931,-0.13984,0.88756,0.58743,0.35626,0.24424,-0.81904,0.46309,0.3014,0.21535,-0.83688,0.44989,0.29208,-0.79089,0.48636,0.3156,0.22375,0.16834,0.13184,0.10631,0.087676,-0.92637,-0.59297,-0.3391,-0.22996,-0.17031,-0.13251,0.89348,-0.41992,-0.26567,0.80957,0.51712,-0.67269,-0.42616,0.71512,-0.54112,-0.34889,-0.24277,-0.17981,-0.1391,-0.11107,-0.090876,-0.075818,-0.064272,-0.055215,-0.047975,-0.042092,-0.037245,-0.033202,-0.029794,-0.026892,-0.024402,-0.022247,-0.020371,-0.018726,-0.017275,-0.01599,0.98515,-0.64958,0.73082,-0.61543,0.64304,-0.61306,-0.3754,0.74982,0.46309,-0.70592,0.56729,-0.64968,0.60107,0.37062,0.2476,-0.82159,-0.50459,-0.30836,-0.21139,-0.15559,-0.11989,0.90454,-0.46383,-0.27252,-0.18797,-0.13982,-0.10878,0.91267,-0.46964,-0.27137,-0.18624,-0.13822,-0.10739,0.91387,-0.47539,0.72787,0.41709,-0.73748,-0.43642,0.72607,-0.56922,-0.34129,0.77302,-0.54149,0.67617,0.39948,0.25595,0.17977,0.13392,0.10392,0.08312,-0.93192,0.50497,0.27327,0.18337,-0.86557,0.51073,0.29248,-0.80417,0.54077,0.31366,-0.79215,0.54695,0.31713,-0.7906,-0.45024,-0.27095,-0.18436,0.8653,-0.52191,-0.29324,-0.19405,-0.13983,-0.1061,-0.083465,-0.067479,0.94426,-0.5666,0.72088,0.37757,-0.76856,-0.41974,-0.25149,-0.17078,0.87545,0.45726,0.25685,0.1713,-0.87601,0.5523,0.29265,-0.81155,0.57556,0.31013,0.19756,-0.8614,0.56546,0.29644,0.18879,-0.86731,0.57365,0.29526,0.18675,0.13075,-0.90286,-0.4076,-0.22209,-0.1475,0.89353,-0.60381,-0.2894,-0.17914,0.87592,-0.61072,-0.29162,-0.17884,-0.12297,0.90979,-0.64534,-0.28317,-0.1709,0.88317,-0.64772,-0.2853
0.5,0.48737,-0.52504,0.48846,-0.52421,0.4895,-0.5234,-0.50951,-0.49588,-0.48254,0.5305,0.51608,0.50196,0.48814,-0.52533,0.48924,0.47561,0.46235,-0.55055,0.46487,-0.5482,0.46727,0.45404,-0.55879,-0.54294,0.47257,0.45903,0.44591,0.43321,0.42092,0.40905,0.39758,0.38652,0.37584,0.36555,0.35562,0.34606,-0.66317,-0.64533,0.37248,0.36214,0.35218,0.3426,0.33338,0.3245,0.31595,0.30772,-0.70021,0.31806,0.30967,0.30159,0.29382,0.28634,0.27913,0.27219,0.2655,0.25905,0.25283,0.24683,0.24104,0.23545,0.23006,0.22484,-0.7802,-0.76226,-0.74372,-0.7247,0.29468,0.2867,-0.72093,0.29851,0.29037,0.28258,0.27512,0.26796,0.2611,-0.74549,0.27365,0.26651,0.25968,-0.74688,-0.72768,-0.70812,-0.68832,-0.66842,0.35145,-0.65903,0.36069,-0.65014,-0.63058,-0.61125,0.40776,-0.60491,-0.58614,-0.56778,-0.54988,-0.53248,0.48437,-0.53091,-0.51422,0.50193,0.48622,0.47107,-0.54352,0.47328,0.45868,0.44463,0.43112,-0.58187,0.43566,0.42254,0.40993,-0.60219,0.41564,-0.59668,0.42103,0.40852,0.3965,0.38495,0.37387,-0.63678,-0.61856,-0.60053,-0.58277,0.43466,0.42166,-0.59085,-0.5733,-0.55611,-0.53933,-0.52298,-0.5071,-0.49171,0.52319,-0.49264,0.52225,-0.49353,-0.47863,-0.46422,-0.45032,-0.43691,0.57601,0.55896,0.54228,0.52602,-0.4898,0.52492,0.50915,0.49385,-0.52098,0.49466,0.47982,-0.53454,0.48145,0.46705,0.45314,0.43971,0.42677,0.41429,0.40228,-0.60928,-0.59171,-0.57441,-0.55744,-0.54084,-0.52465,0.49109,-0.52364,-0.50794,0.5073,0.49209,-0.52265,-0.507,0.50819,-0.50703,-0.49185,-0.47714,-0.46291,-0.44917,-0.4359,-0.42311,-0.41079,-0.39893,-0.38751,-0.37652,-0.36595,-0.35579,-0.34601,-0.3366,-0.32755,-0.31884,-0.31046,-0.30239,-0.29463,-0.28715,-0.27994,0.727,-0.29133,0.71612,-0.30245,0.70549,-0.31327,-0.30485,0.70324,0.68437,-0.33462,0.67474,-0.34427,0.66549,0.64651,0.62763,-0.39105,-0.37939,-0.36823,-0.35753,-0.34729,-0.33747,0.67193,-0.34694,-0.33713,-0.32773,-0.31872,-0.31008,0.69822,-0.32067,-0.31191,-0.30351,-0.29545,-0.28771,0.71972,-0.29913,0.7088,0.68977,-0.3294,-0.32017,0.68866,-0.33051,-0.32124,0.68764,-0.33153,0.67778,0.6586,0.63946,0.62047,0.60173,0.58331,0.56527,-0.45232,0.56173,0.54432,0.5274,-0.48902,0.52616,0.50987,-0.50591,0.50971,0.49401,-0.52117,0.49481,0.47966,-0.53497,-0.51867,-0.50286,-0.48754,0.52727,-0.48873,-0.47392,-0.45961,-0.44581,-0.43251,-0.4197,-0.40738,0.60447,-0.41316,0.59892,0.58137,-0.43586,-0.42293,-0.41049,-0.39852,0.61299,0.59523,0.57774,0.56057,-0.45621,0.55745,0.54076,-0.47551,0.53879,0.52259,0.50685,-0.50842,0.50689,0.49164,0.47686,-0.53742,0.47867,0.46434,0.4505,0.43715,-0.57572,-0.55875,-0.54214,-0.52594,0.48982,-0.52486,-0.50913,-0.49387,0.52092,-0.49468,-0.47987,-0.46555,-0.45171,0.56165,-0.45497,-0.4415,-0.4285,0.58402,-0.43308,-0.42038
0.5,0.40046,-0.70863,0.53667,-0.65747,0.59083,-0.63228,-0.39135,-0.25958,-0.18563,0.86034,0.51816,0.30896,0.21076,-0.84524,0.49233,0.29823,0.20505,-0.84884,0.49193,-0.70291,0.57954,0.35405,-0.76227,-0.46404,0.70752,0.42953,0.2766,0.19451,0.14474,0.11198,0.089189,0.072683,0.060348,0.05089,0.043482,0.037574,-0.96721,-0.37717,0.79634,0.42269,0.25957,0.18167,0.13563,0.10541,0.084313,0.068965,-0.94256,0.5272,0.27912,0.18796,0.13847,0.10696,0.08526,0.069579,0.057854,0.048852,0.041789,0.036148,0.031571,0.027808,0.024676,0.022044,-0.98019,-0.22836,-0.13105,-0.095869,0.92465,0.45354,-0.74694,0.58048,0.34279,0.22824,0.16442,0.12437,0.097369,-0.92174,0.50928,0.28106,0.18994,-0.86046,-0.49416,-0.29145,-0.19855,-0.14556,0.88843,-0.49953,0.71225,-0.58782,-0.35103,-0.2331,0.83279,-0.51109,-0.30461,-0.20656,-0.1506,-0.11488,0.9095,-0.50742,-0.28391,0.80823,0.4673,0.28443,-0.8046,0.52796,0.31546,0.21276,0.15435,-0.88275,0.50355,0.28992,0.1962,-0.85656,0.51049,-0.70162,0.59133,0.35298,0.23359,0.16704,0.12552,-0.90228,-0.49064,-0.27802,-0.18846,0.8618,0.48752,-0.71402,-0.41341,-0.26191,-0.18299,-0.13554,-0.10442,-0.082855,0.93272,-0.54125,0.71536,-0.60218,-0.35175,-0.2313,-0.1651,-0.12398,0.90353,0.48594,0.2747,0.18619,-0.86348,0.51524,0.29746,0.2002,-0.85442,0.5156,0.29959,-0.79835,0.53833,0.31843,0.21321,0.15388,0.11641,0.09109,0.073148,-0.94002,-0.43702,-0.23895,-0.16362,-0.1214,-0.094107,0.92485,-0.54012,-0.28658,0.8095,0.45726,-0.72373,-0.41941,0.73616,-0.56929,-0.33882,-0.22465,-0.16073,-0.12076,-0.093966,-0.075114,-0.061358,-0.051023,-0.04307,-0.036823,-0.031831,-0.027782,-0.024452,-0.021683,-0.019356,-0.017382,-0.015693,-0.014238,-0.012975,-0.011872,-0.010904,0.98995,-0.96165,0.96226,-0.93114,0.87805,-0.77742,-0.31133,0.80922,0.42447,-0.74724,0.58579,-0.66531,0.62093,0.35741,0.22969,-0.83903,-0.45702,-0.26732,-0.18045,-0.13093,-0.099385,0.92205,-0.57375,-0.29128,-0.18919,-0.1354,-0.10208,0.92029,-0.57406,-0.29174,-0.18936,-0.13542,-0.10202,0.92038,-0.57603,0.70808,0.37903,-0.76471,-0.42304,0.74331,-0.58587,-0.33418,0.78359,-0.56574,0.67834,0.38208,0.23987,0.16599,0.12181,0.093093,0.073354,-0.94078,0.62154,0.29153,0.18637,-0.86717,0.55525,0.30113,-0.80378,0.56493,0.31689,-0.79398,0.56573,0.31891,-0.79273,-0.43391,-0.25912,-0.17556,0.87267,-0.55249,-0.29873,-0.19457,-0.13846,-0.10371,-0.080519,-0.064249,0.9476,-0.65291,0.70939,0.3621,-0.77621,-0.42038,-0.25262,-0.17166,0.8753,0.44394,0.25214,0.16956,-0.87704,0.55944,0.29871,-0.80625,0.56936,0.3162,0.20459,-0.85563,0.55644,0.30269,0.19645,-0.86076,0.55822,0.30185,0.1957,0.13869,-0.89647,-0.43041,-0.24083,-0.16221,0.88205,-0.56628,-0.29839,-0.19274,0.86342,-0.56201,-0.30166,-0.19506,-0.13804,0.89706,-0.57334,-0.29577,-0.19047,0.86506,-0.56454,-0.30155
0.5,0.47211,-0.5665,0.49238,-0.56721,0.50909,-0.56429,-0.4788,-0.40477,-0.34368,0.70584,0.59658,0.49546,0.41188,-0.6542,0.45375,0.37823,0.31913,-0.72731,0.38694,-0.67579,0.43712,0.36358,-0.6932,-0.57987,0.52124,0.43131,0.36033,0.30495,0.26137,0.22656,0.19834,0.17512,0.15578,0.13949,0.12564,0.11375,-0.89652,-0.78415,0.36334,0.29496,0.24723,0.21183,0.1844,0.16246,0.14449,0.1295,-0.88317,0.23253,0.19728,0.17098,0.15043,0.13382,0.12008,0.1085,0.098622,0.090092,0.08266,0.076135,0.070369,0.065244,0.060667,0.056559,-0.94714,-0.83895,-0.65497,-0.49209,0.61646,0.49057,-0.60331,0.50809,0.41698,0.34726,0.29379,0.25208,0.21889,-0.80801,0.30834,0.2605,0.22398,-0.80479,-0.68493,-0.56133,-0.4576,-0.37768,0.68309,-0.43042,0.64163,-0.46695,-0.38807,-0.32664,0.72139,-0.39231,-0.32874,-0.27961,-0.24097,-0.20999,0.81526,-0.30081,-0.2544,0.78102,0.65924,0.53958,-0.5588,0.54055,0.44618,0.37172,0.31384,-0.73151,0.38276,0.32103,0.27339,-0.7641,0.35241,-0.70384,0.41322,0.34381,0.29081,0.24955,0.21676,-0.80981,-0.69325,-0.57053,-0.46582,0.61555,0.50872,-0.5791,-0.47985,-0.39921,-0.33588,-0.28619,-0.24676,-0.215,0.81095,-0.30444,0.74242,-0.37977,-0.31598,-0.26798,-0.23077,-0.2012,0.82281,0.70556,0.5794,0.47138,-0.61213,0.49509,0.40954,0.34302,-0.70869,0.40454,0.33849,-0.71259,0.4015,0.33581,0.28513,0.24536,0.21355,0.18767,0.16629,-0.85159,-0.73681,-0.60466,-0.48878,-0.39949,-0.33255,0.71833,-0.39807,-0.33231,0.71805,0.6025,-0.50307,-0.41616,0.65166,-0.45674,-0.38049,-0.32098,-0.2743,-0.23717,-0.20717,-0.18258,-0.16215,-0.14498,-0.13041,-0.11793,-0.10716,-0.097793,-0.089604,-0.082398,-0.076025,-0.070362,-0.065306,-0.060774,-0.056696,-0.053014,-0.049678,0.95335,-0.15316,0.87019,-0.29765,0.7629,-0.39411,-0.31571,0.73769,0.60788,-0.5071,0.58527,-0.51877,0.57163,0.47321,0.39386,-0.66827,-0.55937,-0.46396,-0.38708,-0.3267,-0.27919,0.75866,-0.35551,-0.29947,-0.25623,-0.22208,-0.19455,0.82802,-0.28768,-0.24371,-0.21024,-0.18384,-0.16247,0.85517,-0.26159,0.77834,0.6483,-0.47481,-0.38786,0.67676,-0.43815,-0.36384,0.6931,-0.41995,0.6494,0.54056,0.4477,0.37384,0.3161,0.27067,0.23442,-0.79493,0.31998,0.27051,0.23252,-0.7975,0.32087,0.2702,-0.76827,0.35243,0.29491,-0.74854,0.37086,0.30998,-0.73623,-0.61846,-0.50908,-0.42012,0.64894,-0.45947,-0.38263,-0.32273,-0.27578,-0.23846,-0.20831,-0.18359,0.83694,-0.27749,0.7644,0.63904,-0.47898,-0.39306,-0.32827,-0.27875,0.75994,0.64343,0.53065,0.43713,-0.6358,0.47125,0.39208,-0.66978,0.4394,0.36707,0.31065,-0.73373,0.37984,0.31906,0.27207,-0.76498,0.35091,0.29523,0.25252,0.2189,-0.80817,-0.69134,-0.569,-0.46489,0.61599,-0.49045,-0.40662,-0.34124,0.70974,-0.40279,-0.33747,-0.28687,-0.24703,0.78488,-0.33063,-0.27899,-0.23938,0.79187,-0.32622,-0.27462
0.5,0.48776,-0.52394,0.48838,-0.52289,0.48896,-0.52193,-0.5105,-0.4995,-0.4889,0.52129,0.51059,0.50025,0.49027,-0.51936,0.4907,0.48133,0.47226,-0.5365,0.47333,-0.53524,0.47433,0.46595,-0.54218,-0.53283,0.47629,0.46823,0.4604,0.4528,0.44542,0.43825,0.43129,0.42452,0.41795,0.41156,0.40535,0.39931,-0.60656,-0.59769,0.41104,0.40507,0.39926,0.3936,0.38808,0.38271,0.37747,0.37236,-0.63262,0.37581,0.37082,0.36595,0.3612,0.35656,0.35202,0.3476,0.34327,0.33904,0.33491,0.33087,0.32692,0.32305,0.31927,0.31556,-0.68806,-0.68016,-0.67226,-0.6644,0.34344,0.33939,-0.66457,0.34319,0.33918,0.33526,0.33142,0.32765,0.32396,-0.67965,0.32794,0.32427,0.32068,-0.68285,-0.67533,-0.66783,-0.66034,-0.65288,0.35455,-0.64949,0.3579,-0.64617,-0.63883,-0.63152,0.37573,-0.62858,-0.62137,-0.61421,-0.6071,-0.60005,0.40695,-0.59779,-0.59084,0.41604,0.4112,0.40645,-0.59822,0.40864,0.40396,0.39937,0.39485,-0.60959,0.39726,0.3928,0.38841,-0.61589,0.39093,-0.6134,0.39339,0.38904,0.38476,0.38055,0.37641,-0.62766,-0.62087,-0.61412,-0.6074,0.39926,0.39488,-0.60943,-0.60278,-0.59617,-0.58961,-0.5831,-0.57665,-0.57025,0.4361,-0.56875,0.43756,-0.56729,-0.56101,-0.55478,-0.54862,-0.54252,0.46352,0.45837,0.45329,0.44828,-0.55665,0.44947,0.44453,0.43967,-0.56513,0.44103,0.43623,-0.56851,0.43766,0.43291,0.42824,0.42363,0.41908,0.41461,0.4102,-0.59415,-0.58785,-0.5816,-0.57539,-0.56923,-0.56311,0.44295,-0.56182,-0.55578,0.45021,0.44536,-0.55942,-0.55341,0.45254,-0.55233,-0.54639,-0.54052,-0.5347,-0.52893,-0.52323,-0.51758,-0.512,-0.50647,-0.50101,-0.49561,-0.49028,-0.485,-0.47979,-0.47465,-0.46956,-0.46455,-0.45959,-0.4547,-0.44987,-0.4451,-0.4404,0.56425,-0.4417,0.56295,-0.44298,0.56169,-0.44423,-0.43955,0.56507,0.55913,-0.44676,0.55795,-0.44793,0.55679,0.55092,0.54511,-0.46065,-0.45579,-0.45098,-0.44623,-0.44154,-0.43692,0.56765,-0.43829,-0.43371,-0.42919,-0.42472,-0.42032,0.58402,-0.42202,-0.41765,-0.41334,-0.4091,-0.4049,0.59923,-0.40689,0.59727,0.59115,-0.41493,-0.41066,0.59356,-0.41254,-0.4083,0.59588,-0.41022,0.59398,0.58789,0.58183,0.57581,0.56983,0.56389,0.558,-0.44785,0.55684,0.55101,0.54522,-0.46051,0.54433,0.5386,-0.46707,0.53785,0.53219,-0.47342,0.53157,0.52596,-0.47958,-0.47453,-0.46953,-0.46459,0.54029,-0.46538,-0.4605,-0.45567,-0.45091,-0.4462,-0.44155,-0.43696,0.56757,-0.43832,0.56623,0.56035,-0.44548,-0.44084,-0.43626,-0.43174,0.57272,0.5668,0.56092,0.55509,-0.4507,0.554,0.54822,-0.45751,0.54727,0.54155,0.53588,-0.46973,0.53519,0.52958,0.52402,-0.48148,0.52357,0.51808,0.51263,0.50724,-0.49809,-0.49286,-0.48768,-0.48256,0.52251,-0.48297,-0.47791,-0.4729,0.53205,-0.47352,-0.46856,-0.46367,-0.45883,0.54595,-0.45974,-0.45495,-0.45021,0.55446,-0.4513,-0.44661
0.5,0.48175,-0.54085,0.48967,-0.54204,0.49703,-0.54188,-0.49658,-0.45295,-0.41214,0.62524,0.56629,0.51005,0.45841,-0.58783,0.47236,0.42352,0.38062,-0.65676,0.4095,-0.63248,0.43338,0.38788,-0.65139,-0.58409,0.47904,0.42732,0.3825,0.34388,0.31061,0.28185,0.25688,0.23509,0.21596,0.19908,0.18411,0.17078,-0.84115,-0.77378,0.30399,0.27229,0.24597,0.22374,0.20471,0.18823,0.17382,0.16111,-0.85017,0.21864,0.19914,0.18255,0.16822,0.15572,0.14469,0.13489,0.12613,0.11825,0.11112,0.10464,0.098732,0.093328,0.088368,0.083801,-0.92041,-0.86033,-0.77507,-0.67648,0.41842,0.36225,-0.68156,0.40028,0.35288,0.31422,0.2822,0.2553,0.23241,-0.7873,0.28533,0.25758,0.2341,-0.78602,-0.71269,-0.63551,-0.56167,-0.49552,0.56162,-0.50224,0.55418,-0.50751,-0.45147,-0.40287,0.63891,-0.42825,-0.38295,-0.34405,-0.31061,-0.28178,0.74323,-0.32689,-0.29484,0.73256,0.66091,0.58949,-0.47686,0.5763,0.51247,0.45579,0.4066,-0.63571,0.43127,0.38557,0.34632,-0.68742,0.38177,-0.65739,0.41127,0.36793,0.33085,0.29905,0.27162,-0.75216,-0.6818,-0.60989,-0.54185,0.51924,0.46131,-0.58893,-0.52485,-0.46732,-0.41702,-0.37356,-0.33617,-0.30396,0.72389,-0.3459,0.68851,-0.38201,-0.34226,-0.30841,-0.2794,-0.25439,0.76734,0.69671,0.62339,0.55337,-0.50972,0.54765,0.48661,0.43311,-0.61303,0.45264,0.4041,-0.63769,0.42918,0.38387,0.34493,0.31143,0.28253,0.25746,0.23559,-0.78358,-0.71397,-0.64012,-0.5685,-0.50338,-0.44642,0.60247,-0.46344,-0.41292,0.63046,0.56356,-0.49805,-0.44384,0.60326,-0.4611,-0.41184,-0.36925,-0.33257,-0.30093,-0.27354,-0.2497,-0.22886,-0.21052,-0.19432,-0.17992,-0.16707,-0.15556,-0.1452,-0.13584,-0.12736,-0.11965,-0.11261,-0.10619,-0.10029,-0.094872,-0.089881,0.91473,-0.14521,0.86611,-0.21304,0.80841,-0.27972,-0.24803,0.77727,0.6934,-0.39119,0.6558,-0.42203,0.62728,0.55482,0.49005,-0.5659,-0.50208,-0.44603,-0.39773,-0.3564,-0.32103,0.70936,-0.36063,-0.32416,-0.293,-0.2662,-0.24299,0.77724,-0.29297,-0.26508,-0.24126,-0.22071,-0.20281,0.81289,-0.25718,0.7666,0.69107,-0.38604,-0.34296,0.69282,-0.38101,-0.34005,0.69439,-0.37784,0.66199,0.59128,0.52535,0.46663,0.41566,0.3719,0.33442,-0.69776,0.37185,0.33396,0.30157,-0.72629,0.34422,0.30978,-0.7196,0.3517,0.31595,-0.71445,0.35711,0.32051,-0.71057,-0.63901,-0.56927,-0.50541,0.55085,-0.50999,-0.45405,-0.40542,-0.36353,-0.32753,-0.29651,-0.26966,0.75369,-0.31613,0.71444,0.64259,-0.42763,-0.38096,-0.34138,-0.30767,0.72119,0.65035,0.58039,0.51568,-0.5417,0.51809,0.4613,-0.58822,0.47501,0.424,0.37982,-0.65826,0.4092,0.36675,0.33028,-0.70113,0.36819,0.33094,0.29904,0.27157,-0.75222,-0.68186,-0.60999,-0.54201,0.51902,-0.53879,-0.47928,-0.42716,0.61785,-0.44774,-0.40009,-0.35903,-0.32371,0.70675,-0.3626,-0.32611,-0.29487,0.73205,-0.33842,-0.30477
0.5,0.44192,-0.63569,0.50532,-0.6188,0.54359,-0.60268,-0.4373,-0.32318,-0.24783,0.80375,0.59269,0.41521,0.30401,-0.76669,0.44142,0.31922,0.2429,-0.80808,0.40674,-0.7058,0.49736,0.35625,-0.73243,-0.53041,0.62113,0.44449,0.32557,0.24853,0.19632,0.15919,0.13178,0.11092,0.09466,0.081737,0.071292,0.062728,-0.94438,-0.68972,0.58521,0.38621,0.2789,0.21431,0.17118,0.14039,0.11743,0.099751,-0.91418,0.32123,0.22738,0.17573,0.14198,0.11787,0.099739,0.085629,0.074378,0.065237,0.057698,0.051402,0.046087,0.041558,0.037666,0.034297,-0.96864,-0.66886,-0.3648,-0.24974,0.80997,0.57633,-0.60315,0.57471,0.4107,0.30434,0.23499,0.18734,0.15303,-0.87258,0.34879,0.25221,0.1953,-0.84273,-0.619,-0.42441,-0.30754,-0.23522,0.81323,-0.40081,0.70909,-0.49324,-0.35473,-0.26744,0.79039,-0.41864,-0.30437,-0.23324,-0.18539,-0.15127,0.87409,-0.34937,-0.252,0.80507,0.58193,0.40439,-0.70344,0.49379,0.35651,0.26904,0.21083,-0.83002,0.38516,0.27971,0.21545,-0.82773,0.39115,-0.71714,0.48975,0.35113,0.26456,0.20736,0.1673,-0.86203,-0.64057,-0.43572,-0.31324,0.76154,0.55306,-0.60767,-0.43466,-0.31986,-0.2453,-0.19447,-0.15812,-0.13115,0.88945,-0.33768,0.75767,-0.47015,-0.33296,-0.25082,-0.19718,-0.15965,0.8679,0.64427,0.43591,0.31261,-0.76221,0.44691,0.32307,0.24586,-0.80573,0.40746,0.29557,-0.77332,0.43769,0.31644,0.24118,0.19087,0.15518,0.12878,0.10862,-0.90713,-0.67364,-0.43758,-0.30797,-0.23293,-0.18413,0.85012,-0.37233,-0.26868,0.79302,0.57416,-0.59857,-0.42516,0.68729,-0.50337,-0.36431,-0.27459,-0.21474,-0.17276,-0.14209,-0.11893,-0.101,-0.086833,-0.075438,-0.066138,-0.05845,-0.052023,-0.046596,-0.041972,-0.038002,-0.034567,-0.031577,-0.028957,-0.026649,-0.024606,-0.022788,0.97884,-0.38515,0.77606,-0.51943,0.65479,-0.54836,-0.38764,0.71215,0.51573,-0.62825,0.5472,-0.60401,0.56294,0.40812,0.30466,-0.76406,-0.56179,-0.40065,-0.29753,-0.23029,-0.18395,0.84951,-0.36834,-0.26725,-0.20646,-0.16566,-0.13636,0.88561,-0.34187,-0.24543,-0.18986,-0.15299,-0.12655,0.89333,-0.33797,0.75857,0.52908,-0.63004,-0.44678,0.67363,-0.51371,-0.37195,0.71997,-0.47519,0.65452,0.47243,0.34525,0.26259,0.20675,0.16718,0.13804,-0.88408,0.34098,0.24544,0.19002,-0.84685,0.37973,0.2729,-0.79023,0.42784,0.30812,-0.76495,0.44413,0.32134,-0.75522,-0.54983,-0.39146,-0.29109,0.77434,-0.43243,-0.3142,-0.24011,-0.1903,-0.15486,-0.1286,-0.10852,0.90719,-0.32584,0.76827,0.53183,-0.63068,-0.44548,-0.32484,-0.24799,0.80387,0.59224,0.41549,0.30489,-0.7656,0.44077,0.31983,-0.75604,0.44929,0.3257,0.24799,-0.8041,0.40838,0.29641,0.22734,-0.81906,0.39765,0.2879,0.22104,0.17624,-0.85576,-0.63294,-0.43137,-0.31084,0.76306,-0.44578,-0.32237,-0.24537,0.80611,-0.40745,-0.29542,-0.22651,-0.18026,0.85274,-0.3693,-0.2666,-0.20546,0.83538,-0.38767,-0.27923
0.5,0.45584,-0.60572,0.49835,-0.59879,0.52778,-0.58847,-0.45506,-0.35407,-0.28162,0.77086,0.60343,0.45427,0.34836,-0.72455,0.44065,0.33845,0.26828,-0.7816,0.38948,-0.69962,0.46708,0.35612,-0.71959,-0.5542,0.58067,0.44119,0.341,0.27095,0.22069,0.18343,0.15499,0.13276,0.11503,0.10065,0.088821,0.07897,-0.92932,-0.74949,0.4853,0.34765,0.26704,0.21446,0.1773,0.14961,0.12822,0.11124,-0.9025,0.27507,0.21193,0.1721,0.14407,0.12307,0.10668,0.093531,0.08276,0.073798,0.066247,0.059815,0.054288,0.0495,0.045324,0.041658,-0.96158,-0.76878,-0.47999,-0.33012,0.74916,0.56091,-0.58458,0.56038,0.42538,0.33035,0.26399,0.21615,0.18046,-0.84694,0.32455,0.25244,0.20453,-0.8298,-0.65289,-0.48254,-0.36428,-0.28557,0.76909,-0.39992,0.69095,-0.47137,-0.36117,-0.28526,0.76853,-0.39865,-0.30866,-0.2472,-0.20314,-0.17025,0.85508,-0.31794,-0.24694,0.79989,0.62016,0.46001,-0.64989,0.50539,0.38635,0.30341,0.24481,-0.79803,0.37103,0.28797,0.23167,-0.80874,0.36415,-0.71821,0.45222,0.34543,0.27318,0.22221,0.1847,-0.84384,-0.67115,-0.49626,-0.37317,0.70852,0.54457,-0.58641,-0.44738,-0.34675,-0.27604,-0.22514,-0.18731,-0.15837,0.8643,-0.30844,0.76031,-0.42344,-0.32141,-0.25454,-0.20782,-0.17347,0.85275,0.6786,0.49938,0.37409,-0.70835,0.4562,0.35009,0.27724,-0.77447,0.39361,0.30475,-0.75578,0.41299,0.31847,0.25415,0.20824,0.17411,0.14791,0.12729,-0.88927,-0.7146,-0.51578,-0.37956,-0.29321,-0.23521,0.80619,-0.36676,-0.28374,0.77189,0.59902,-0.5507,-0.41748,0.67545,-0.48039,-0.36951,-0.29196,-0.23669,-0.19597,-0.16505,-0.14098,-0.12184,-0.10636,-0.093656,-0.083101,-0.074234,-0.066713,-0.060278,-0.054731,-0.049915,-0.045707,-0.042009,-0.038742,-0.035841,-0.033255,-0.030938,0.97114,-0.23419,0.83302,-0.43293,0.69543,-0.49658,-0.36849,0.71343,0.54692,-0.58531,0.55344,-0.57588,0.55773,0.42906,0.33559,-0.73097,-0.57085,-0.43539,-0.33855,-0.27051,-0.22136,0.81531,-0.35325,-0.27511,-0.22228,-0.18426,-0.15566,0.86657,-0.30657,-0.23827,-0.19353,-0.16158,-0.13752,0.88128,-0.29477,0.77175,0.58233,-0.56991,-0.42846,0.66885,-0.48656,-0.37412,0.70449,-0.45363,0.64932,0.49934,0.38453,0.3034,0.2455,0.20291,0.17064,-0.85444,0.31614,0.24638,0.20007,-0.83315,0.34359,0.26557,-0.78582,0.39026,0.3002,-0.75981,0.41056,0.31648,-0.74725,-0.58029,-0.4391,-0.33969,0.72933,-0.43291,-0.33482,-0.26697,-0.21834,-0.18217,-0.15444,-0.13266,0.88479,-0.28786,0.77626,0.58649,-0.56728,-0.42623,-0.32946,-0.26289,0.78477,0.61683,0.4647,0.35656,-0.71779,0.44356,0.34259,-0.72734,0.43476,0.33617,0.26798,-0.7809,0.38641,0.29993,0.24095,-0.80142,0.36917,0.28632,0.23045,0.1904,-0.83961,-0.66666,-0.49383,-0.37227,0.70866,-0.45422,-0.34948,-0.27728,0.77414,-0.39276,-0.30466,-0.24447,-0.20124,0.8311,-0.34048,-0.26462,-0.21393,0.8224,-0.35257,-0.27274
0.5,0.47463,-0.55997,0.49157,-0.56119,0.50596,-0.55924,-0.48315,-0.41552,-0.35807,0.6897,0.59204,0.50109,0.42388,-0.63897,0.45785,0.38792,0.33175,-0.71334,0.38974,-0.66819,0.4338,0.36704,-0.68584,-0.58311,0.50989,0.42923,0.36425,0.31243,0.27085,0.23711,0.20938,0.18631,0.16691,0.15042,0.13629,0.12408,-0.88655,-0.78674,0.34142,0.28476,0.24336,0.21165,0.18651,0.16603,0.14902,0.13466,-0.87761,0.22539,0.195,0.17151,0.15268,0.13717,0.12416,0.11307,0.1035,0.095162,0.087838,0.08136,0.075594,0.070437,0.065801,0.061617,-0.94217,-0.8494,-0.69532,-0.54263,0.56992,0.46119,-0.61959,0.48566,0.4054,0.34311,0.29444,0.2558,0.22457,-0.80108,0.30376,0.26112,0.22765,-0.79928,-0.6917,-0.57973,-0.48201,-0.40374,0.65749,-0.44379,0.62468,-0.4722,-0.39915,-0.34072,0.70599,-0.39614,-0.33747,-0.2909,-0.2535,-0.22301,0.80217,-0.30192,-0.2598,0.77333,0.66454,0.55635,-0.53612,0.55096,0.46291,0.39132,0.33428,-0.71128,0.39131,0.33344,0.28758,-0.74926,0.35524,-0.69635,0.40854,0.34627,0.29736,0.25839,0.22683,-0.79912,-0.69452,-0.58456,-0.48738,0.59121,0.49696,-0.58123,-0.49028,-0.41446,-0.35337,-0.30441,-0.2649,-0.23265,0.79399,-0.30966,0.7336,-0.3751,-0.31827,-0.27409,-0.23901,-0.21058,0.81286,0.70781,0.595,0.49468,-0.58625,0.50812,0.4275,0.36294,-0.6884,0.41303,0.35118,-0.69794,0.4043,0.34394,0.2961,0.25773,0.22651,0.20075,0.17922,-0.83896,-0.73638,-0.6199,-0.51356,-0.42746,-0.36041,0.69182,-0.41204,-0.34947,0.69983,0.59663,-0.49797,-0.41982,0.64284,-0.45471,-0.38544,-0.33001,-0.28556,-0.24955,-0.22,-0.19547,-0.17488,-0.1574,-0.14244,-0.12953,-0.11831,-0.1085,-0.099857,-0.092213,-0.085416,-0.079346,-0.073902,-0.069,-0.064571,-0.060556,-0.056904,0.94643,-0.14421,0.87411,-0.26594,0.78028,-0.3611,-0.29646,0.74899,0.62901,-0.48097,0.60008,-0.49858,0.58164,0.48933,0.41308,-0.64798,-0.55042,-0.46479,-0.39435,-0.33768,-0.29213,0.74482,-0.35762,-0.30639,-0.26575,-0.23296,-0.20608,0.81627,-0.28703,-0.24762,-0.21664,-0.19162,-0.171,0.84627,-0.25748,0.77753,0.66226,-0.45021,-0.37572,0.68108,-0.42393,-0.35846,0.69282,-0.41003,0.65163,0.55222,0.46536,0.39426,0.33731,0.29165,0.2547,-0.77557,0.32744,0.28143,0.24504,-0.78435,0.32112,0.27543,-0.76038,0.34726,0.29621,-0.74357,0.36354,0.3096,-0.73251,-0.62645,-0.5262,-0.44184,0.62572,-0.47048,-0.39832,-0.34051,-0.29421,-0.25676,-0.22611,-0.20071,0.82059,-0.2817,0.75658,0.6459,-0.46043,-0.38609,-0.32841,-0.28313,0.75304,0.64829,0.54587,0.45806,-0.61275,0.48202,0.40783,-0.65177,0.44559,0.37857,0.32487,-0.7183,0.38333,0.32751,0.28316,-0.75258,0.35109,0.30065,0.26082,0.22875,-0.79752,-0.69314,-0.58386,-0.48738,0.5907,-0.50281,-0.42415,-0.36096,0.68948,-0.41099,-0.35007,-0.30157,-0.26257,0.76922,-0.3341,-0.28683,-0.24947,0.78066,-0.32469,-0.27843
0.5,0.48732,-0.52521,0.48847,-0.52441,0.48958,-0.52362,-0.50936,-0.49535,-0.4816,0.53184,0.51688,0.50219,0.48783,-0.5262,0.48902,0.4748,0.46095,-0.55251,0.46371,-0.54997,0.46633,0.45245,-0.56099,-0.54425,0.47214,0.45788,0.44407,0.43072,0.41783,0.4054,0.39342,0.38187,0.37076,0.36006,0.34976,0.33986,-0.66967,-0.65069,0.36828,0.35746,0.34708,0.33711,0.32753,0.31834,0.3095,0.30102,-0.70714,0.3123,0.3036,0.29526,0.28724,0.27954,0.27214,0.26503,0.25819,0.2516,0.24527,0.23917,0.23329,0.22763,0.22217,0.21691,-0.78818,-0.76918,-0.74945,-0.72913,0.29163,0.28322,-0.7248,0.29602,0.28741,0.2792,0.27136,0.26387,0.25671,-0.75015,0.27027,0.26279,0.25564,-0.7512,-0.73071,-0.70978,-0.68858,-0.66727,0.35399,-0.65732,0.36375,-0.64794,-0.62707,-0.6065,0.41369,-0.60005,-0.58015,-0.56074,-0.54187,-0.5236,0.49404,-0.52254,-0.50507,0.51178,0.49476,0.47837,-0.53738,0.48028,0.46453,0.4494,0.43487,-0.57906,0.43949,0.42542,0.41192,-0.60101,0.41789,-0.59527,0.42351,0.41013,0.39731,0.38503,0.37326,-0.63801,-0.61864,-0.59948,-0.58063,0.43784,0.4239,-0.58946,-0.57085,-0.55265,-0.53491,-0.51768,-0.50098,-0.48484,0.53074,-0.4863,0.5293,-0.48767,-0.47204,-0.45699,-0.44249,-0.42855,0.58484,0.56653,0.54863,0.53117,-0.48579,0.52971,0.51281,0.49643,-0.51942,0.49715,0.4813,-0.534,0.48298,0.46762,0.45282,0.43856,0.42485,0.41167,0.39901,-0.61314,-0.59439,-0.57594,-0.55785,-0.54019,-0.52299,0.4937,-0.52205,-0.5054,0.51072,0.49443,-0.52131,-0.50472,0.51136,-0.50492,-0.48885,-0.47332,-0.45833,-0.44389,-0.42999,-0.41663,-0.40379,-0.39146,-0.37963,-0.36827,-0.35737,-0.34691,-0.33688,-0.32725,-0.31801,-0.30914,-0.30062,-0.29243,-0.28457,-0.27701,-0.26975,0.73724,-0.28222,0.72535,-0.29444,0.71371,-0.30633,-0.29762,0.71071,0.69054,-0.32979,0.68,-0.34036,0.6699,0.64956,0.62932,-0.39069,-0.37825,-0.36637,-0.35504,-0.34421,-0.33387,0.676,-0.34416,-0.33382,-0.32394,-0.3145,-0.30546,0.70319,-0.31696,-0.30778,-0.299,-0.2906,-0.28256,0.72515,-0.29494,0.71334,0.69303,-0.32745,-0.31769,0.69163,-0.32885,-0.31903,0.69034,-0.33014,0.67973,0.65925,0.63881,0.61856,0.59859,0.57901,0.55989,-0.45871,0.55649,0.5381,0.52027,-0.49697,0.51945,0.50234,-0.51418,0.50269,0.48623,-0.52962,0.48762,0.47177,-0.54348,-0.52593,-0.50891,-0.49244,0.52346,-0.49342,-0.47752,-0.4622,-0.44744,-0.43326,-0.41963,-0.40655,0.606,-0.41276,0.60005,0.58138,-0.43694,-0.42316,-0.40993,-0.39724,0.61493,0.59602,0.57741,0.55917,-0.45864,0.55597,0.53826,-0.47896,0.53636,0.51922,0.50259,-0.5135,0.50293,0.48685,0.47132,-0.54366,0.47362,0.45857,0.44408,0.43013,-0.58327,-0.56506,-0.54725,-0.52989,0.48699,-0.52852,-0.51169,-0.49539,0.52039,-0.49618,-0.48039,-0.46514,-0.45045,0.56371,-0.45402,-0.43973,-0.42599,0.58723,-0.43103,-0.4176
0.5,0.48769,-0.52412,0.4884,-0.5231,0.48905,-0.52216,-0.51034,-0.49892,-0.48788,0.52278,0.51148,0.50054,0.48994,-0.52033,0.49047,0.48039,0.47062,-0.53884,0.4719,-0.53743,0.47312,0.4639,-0.54504,-0.53461,0.47559,0.46658,0.45782,0.4493,0.44103,0.43298,0.42516,0.41755,0.41016,0.40298,0.39599,0.38919,-0.61742,-0.60696,0.40339,0.39653,0.38985,0.38335,0.37702,0.37085,0.36485,0.35899,-0.64671,0.36357,0.35779,0.35215,0.34666,0.3413,0.33607,0.33097,0.32599,0.32113,0.31638,0.31175,0.30723,0.30281,0.29849,0.29427,-0.70985,-0.69985,-0.6898,-0.67972,0.33036,0.32545,-0.67935,0.3307,0.32579,0.321,0.31631,0.31174,0.30726,-0.69711,0.31286,0.30836,0.30397,-0.70032,-0.69038,-0.68041,-0.67043,-0.66045,0.34952,-0.65577,0.35417,-0.65121,-0.64131,-0.63145,0.37834,-0.62753,-0.61778,-0.6081,-0.59851,-0.58901,0.42039,-0.58631,-0.57698,0.43225,0.42535,0.41859,-0.58802,0.42126,0.41462,0.40811,0.40175,-0.60447,0.4049,0.39862,0.39249,-0.61352,0.39587,-0.61019,0.39916,0.39304,0.38705,0.38118,0.37545,-0.63017,-0.62073,-0.61134,-0.60202,0.40722,0.40097,-0.60516,-0.59591,-0.58674,-0.57766,-0.56868,-0.5598,-0.55103,0.45762,-0.54956,0.45906,-0.54813,-0.53955,-0.53108,-0.52274,-0.51452,0.49356,0.48581,0.4782,0.47072,-0.53663,0.47174,0.46439,0.45717,-0.54992,0.4586,0.4515,-0.55547,0.4531,0.44611,0.43925,0.43252,0.42592,0.41945,0.41311,-0.59311,-0.58417,-0.57532,-0.56655,-0.55787,-0.5493,0.45916,-0.54791,-0.53947,0.46886,0.46162,-0.54548,-0.53709,0.4712,-0.53607,-0.5278,-0.51965,-0.51162,-0.50371,-0.49592,-0.48826,-0.48073,-0.47332,-0.46604,-0.45889,-0.45186,-0.44497,-0.4382,-0.43155,-0.42503,-0.41864,-0.41237,-0.40621,-0.40018,-0.39427,-0.38846,0.61722,-0.39183,0.61393,-0.39511,0.61071,-0.39831,-0.39241,0.61336,0.60431,-0.40467,0.60135,-0.40762,0.59847,0.58952,0.58065,-0.42814,-0.42166,-0.4153,-0.40906,-0.40294,-0.39695,0.60893,-0.4001,-0.39416,-0.38833,-0.38263,-0.37703,0.62846,-0.38071,-0.37515,-0.36969,-0.36435,-0.35911,0.64602,-0.36324,0.64198,0.63272,-0.37651,-0.371,0.63439,-0.37485,-0.36938,0.63599,-0.37328,0.63217,0.62292,0.61372,0.60457,0.59548,0.58647,0.57754,-0.4313,0.57531,0.5665,0.55778,-0.45082,0.55613,0.54755,-0.46092,0.54621,0.53776,-0.47057,0.53672,0.52841,-0.47978,-0.47235,-0.46504,-0.45787,0.54917,-0.45927,-0.45221,-0.44528,-0.43847,-0.43179,-0.42524,-0.41882,0.58748,-0.42136,0.58499,0.57616,-0.43257,-0.42601,-0.41957,-0.41326,0.59293,0.58404,0.57523,0.5665,-0.44213,0.56461,0.556,-0.45251,0.55442,0.54593,0.53755,-0.47072,0.53652,0.52827,0.52013,-0.48789,0.51963,0.51163,0.50374,0.49597,-0.51167,-0.50379,-0.49603,-0.48839,0.51912,-0.48886,-0.48135,-0.47396,0.53331,-0.47487,-0.46759,-0.46044,-0.45341,0.55348,-0.45494,-0.44801,-0.44121,0.56546,-0.4431,-0.43639
0.5,0.48485,-0.53222,0.48897,-0.53256,0.49295,-0.53238,-0.50336,-0.47451,-0.44631,0.58087,0.54427,0.50862,0.47449,-0.55773,0.48081,0.44711,0.41584,-0.61299,0.43022,-0.60049,0.44288,0.41062,-0.61878,-0.57392,0.46896,0.43382,0.40182,0.37281,0.34656,0.32282,0.30133,0.28184,0.26415,0.24805,0.23335,0.21992,-0.79239,-0.74487,0.30609,0.28454,0.26536,0.24818,0.23273,0.21876,0.20608,0.19452,-0.81604,0.23199,0.21748,0.20444,0.19265,0.18194,0.17217,0.16321,0.15498,0.14739,0.14037,0.13387,0.12782,0.12218,0.11692,0.112,-0.89261,-0.85015,-0.7977,-0.73795,0.3248,0.2971,-0.72644,0.33205,0.30514,0.2819,0.26163,0.24378,0.22795,-0.7862,0.26554,0.24732,0.23116,-0.78328,-0.73151,-0.677,-0.62257,-0.57051,0.47776,-0.56205,0.48421,-0.5552,-0.51043,-0.46949,0.56754,-0.47703,-0.43973,-0.40607,-0.3758,-0.34861,0.67583,-0.37254,-0.3455,0.67877,0.63009,0.58244,-0.46287,0.57304,0.52866,0.48746,0.44975,-0.58447,0.46008,0.425,0.39328,-0.63534,0.41142,-0.61908,0.42717,0.39511,0.36623,0.34021,0.31678,-0.70437,-0.65588,-0.6075,-0.56082,0.48305,0.44541,-0.58864,-0.54358,-0.50144,-0.46267,-0.42735,-0.3954,-0.36658,0.6594,-0.38814,0.64017,-0.40707,-0.37681,-0.3496,-0.32513,-0.30308,0.71682,0.66809,0.61907,0.57151,-0.47338,0.56364,0.5197,0.47909,-0.55797,0.48511,0.44773,-0.5862,0.45833,0.42349,0.39196,0.36351,0.33787,0.31474,0.29384,-0.72507,-0.67657,-0.62746,-0.57953,-0.53411,-0.49198,0.54653,-0.49609,-0.45755,0.57746,0.53325,-0.50795,-0.4688,0.56694,-0.47631,-0.43998,-0.40699,-0.37717,-0.35026,-0.32598,-0.30404,-0.2842,-0.26622,-0.24987,-0.23497,-0.22137,-0.20891,-0.19748,-0.18696,-0.17726,-0.16829,-0.15999,-0.15229,-0.14513,-0.13846,-0.13224,0.87356,-0.16989,0.83943,-0.21106,0.80253,-0.2525,-0.23442,0.78139,0.72601,-0.33169,0.69488,-0.36118,0.66798,0.61397,0.56258,-0.48489,-0.44458,-0.40871,-0.37685,-0.34855,-0.32335,0.69916,-0.35073,-0.32528,-0.30256,-0.2822,-0.26389,0.75264,-0.29678,-0.27661,-0.25855,-0.24228,-0.22758,0.78576,-0.26328,0.75393,0.70247,-0.35035,-0.32372,0.69977,-0.35202,-0.32565,0.69771,-0.35339,0.67284,0.62225,0.5733,0.5273,0.48496,0.4465,0.41186,-0.61924,0.42774,0.39522,0.36601,-0.66022,0.38785,0.35932,-0.66629,0.38202,0.354,-0.67112,0.37739,0.34978,-0.67498,-0.62628,-0.57874,-0.53365,0.50822,-0.53146,-0.49013,-0.45225,-0.41785,-0.38678,-0.35878,-0.33355,0.68919,-0.35903,0.66655,0.61824,-0.42873,-0.3961,-0.36679,-0.34048,0.68317,0.63463,0.58695,0.54148,-0.50089,0.53814,0.49635,-0.54202,0.49979,0.46132,0.42627,-0.60547,0.43988,0.40682,0.37696,-0.64998,0.39717,0.36807,0.34187,0.31827,-0.70302,-0.65456,-0.60625,-0.55968,0.48407,-0.55362,-0.51064,-0.471,0.56515,-0.4782,-0.44156,-0.40832,-0.37829,0.64879,-0.39835,-0.36912,-0.34281,0.68088,-0.36727,-0.34088
0.5,0.46658,-0.58037,0.49419,-0.57921,0.51557,-0.57387,-0.47016,-0.38478,-0.31812,0.73341,0.60247,0.48259,0.38856,-0.68186,0.44727,0.36159,0.29774,-0.75047,0.3846,-0.68732,0.44585,0.35906,-0.70486,-0.57196,0.5432,0.43524,0.35308,0.29159,0.24493,0.20877,0.18019,0.15717,0.13835,0.12274,0.10966,0.098572,-0.9109,-0.77742,0.40243,0.31215,0.25339,0.21194,0.18096,0.15687,0.13759,0.12183,-0.89128,0.24506,0.20126,0.17042,0.14723,0.12903,0.11431,0.10215,0.09193,0.083235,0.075758,0.06927,0.063599,0.058609,0.054193,0.050263,-0.95325,-0.82109,-0.59525,-0.42772,0.672,0.52246,-0.59039,0.53236,0.42476,0.3446,0.28514,0.24014,0.20525,-0.82239,0.3128,0.25687,0.21616,-0.81483,-0.67512,-0.53328,-0.42163,-0.34045,0.71886,-0.41475,0.66374,-0.46443,-0.37483,-0.30813,0.7421,-0.39093,-0.31845,-0.26491,-0.22426,-0.19258,0.83267,-0.30287,-0.24883,0.79037,0.64781,0.51125,-0.59406,0.52568,0.42162,0.34326,0.28463,-0.76,0.37373,0.30507,0.25446,-0.78402,0.35239,-0.71228,0.42462,0.34248,0.28256,0.23766,0.20303,-0.82433,-0.68839,-0.54571,-0.4313,0.65231,0.52469,-0.57906,-0.46562,-0.37724,-0.31069,-0.26024,-0.22126,-0.19053,0.83414,-0.3005,0.75282,-0.39144,-0.31524,-0.26077,-0.22019,-0.18889,0.8359,0.69914,0.55252,0.43497,-0.65033,0.47778,0.38449,0.3152,-0.73677,0.39601,0.32243,-0.73196,0.40181,0.32649,0.27098,0.22897,0.19631,0.17034,0.14931,-0.868,-0.73377,-0.57708,-0.44944,-0.35823,-0.29316,0.75477,-0.38165,-0.31033,0.74181,0.60602,-0.51675,-0.41417,0.66255,-0.46345,-0.37502,-0.30877,-0.25866,-0.21999,-0.18952,-0.16504,-0.14508,-0.12856,-0.11473,-0.10302,-0.093033,-0.084434,-0.076977,-0.07047,-0.064756,-0.059711,-0.055235,-0.051245,-0.047674,-0.044464,-0.041568,0.96105,-0.16955,0.86272,-0.34228,0.74004,-0.43385,-0.33714,0.72672,0.58342,-0.53853,0.57037,-0.54261,0.56326,0.45435,0.36971,-0.6943,-0.56738,-0.45701,-0.37139,-0.30681,-0.25768,0.78041,-0.35225,-0.28893,-0.24221,-0.20654,-0.17853,0.84396,-0.29044,-0.23926,-0.20217,-0.17395,-0.1517,0.86629,-0.26956,0.77816,0.62696,-0.50943,-0.40356,0.67269,-0.45693,-0.36911,0.69599,-0.43293,0.64828,0.52472,0.42314,0.34576,0.28738,0.2427,0.20781,-0.81996,0.31323,0.25794,0.21746,-0.81346,0.32449,0.26553,-0.77708,0.3631,0.29506,-0.75404,0.38358,0.31158,-0.74084,-0.60555,-0.48345,-0.38908,0.68103,-0.4464,-0.36221,-0.29929,-0.2516,-0.21466,-0.18543,-0.16188,0.85739,-0.2754,0.77255,0.62496,-0.50871,-0.40419,-0.32835,-0.2726,0.76955,0.63524,0.50751,0.40691,-0.66788,0.45827,0.37142,-0.69361,0.43412,0.35304,0.29241,-0.75367,0.37849,0.30944,0.25834,-0.78059,0.35408,0.28975,0.24257,0.20668,-0.82143,-0.68583,-0.54459,-0.43138,0.65156,-0.47478,-0.38331,-0.31504,0.73639,-0.39493,-0.3223,-0.26841,-0.2274,0.80462,-0.32966,-0.27069,-0.22752,0.80539,-0.33198,-0.27162
0.5,0.464,-0.58668,0.49515,-0.58434,0.51858,-0.5778,-0.46631,-0.37651,-0.30797,0.74406,0.60365,0.47586,0.37809,-0.69348,0.44496,0.35498,0.28934,-0.75943,0.3849,-0.69126,0.45074,0.35788,-0.70915,-0.56773,0.55302,0.43699,0.35004,0.2861,0.23831,0.20173,0.17308,0.1502,0.13163,0.11632,0.10355,0.092791,-0.91637,-0.77182,0.4232,0.32134,0.25705,0.21267,0.18001,0.15491,0.13502,0.11889,-0.89443,0.25222,0.20383,0.17071,0.14625,0.12729,0.1121,0.099659,0.089276,0.080496,0.072987,0.066506,0.060866,0.055925,0.05157,0.047709,-0.95573,-0.80961,-0.56422,-0.39886,0.6954,0.5353,-0.58642,0.54171,0.42665,0.34208,0.28033,0.23421,0.19884,-0.82893,0.31543,0.2555,0.21286,-0.81908,-0.66979,-0.51991,-0.40569,-0.32473,0.73351,-0.40932,0.6722,-0.46494,-0.37021,-0.30113,0.75006,-0.39188,-0.31506,-0.25947,-0.21791,-0.1859,0.83937,-0.30565,-0.24757,0.79354,0.6412,0.49763,-0.60969,0.51945,0.41134,0.33161,0.2729,-0.77128,0.37152,0.2994,0.24738,-0.79158,0.35423,-0.71473,0.43118,0.34282,0.27967,0.23312,0.19768,-0.83003,-0.68474,-0.53313,-0.41546,0.66821,0.53105,-0.57997,-0.45999,-0.36832,-0.30056,-0.24992,-0.21121,-0.18096,0.84315,-0.30097,0.7559,-0.39876,-0.31621,-0.25857,-0.21638,-0.18426,0.84091,0.69465,0.5389,0.41827,-0.66684,0.47087,0.37424,0.30396,-0.74798,0.39391,0.31663,-0.73931,0.40359,0.32353,0.26576,0.22271,0.18966,0.16363,0.14271,-0.87438,-0.73021,-0.56198,-0.43057,-0.33985,-0.27639,0.76987,-0.37592,-0.30187,0.75109,0.60573,-0.52463,-0.41437,0.66654,-0.46742,-0.37323,-0.30394,-0.25237,-0.21308,-0.18243,-0.15803,-0.13827,-0.12202,-0.10849,-0.0971,-0.087421,-0.079124,-0.071957,-0.065723,-0.060267,-0.055464,-0.051214,-0.047436,-0.044061,-0.041035,-0.03831,0.96415,-0.18219,0.85665,-0.36676,0.72772,-0.4524,-0.34693,0.72197,0.57256,-0.55219,0.56454,-0.55257,0.56059,0.44669,0.3597,-0.70503,-0.56954,-0.45234,-0.36322,-0.29726,-0.24781,0.7901,-0.35163,-0.28467,-0.23634,-0.20002,-0.17183,0.85061,-0.29342,-0.23824,-0.19926,-0.17009,-0.14738,0.87081,-0.27506,0.77707,0.61557,-0.52604,-0.41083,0.67102,-0.4654,-0.37111,0.69773,-0.43874,0.64814,0.51767,0.41235,0.33372,0.27531,0.23111,0.1969,-0.83015,0.3123,0.25371,0.21185,-0.8196,0.3282,0.26471,-0.78009,0.36954,0.29603,-0.7559,0.39039,0.31279,-0.74262,-0.59901,-0.47144,-0.37525,0.69485,-0.4416,-0.35393,-0.2897,-0.24174,-0.205,-0.17619,-0.15314,0.86562,-0.27686,0.77468,0.61606,-0.52405,-0.41014,-0.32883,-0.27012,0.77362,0.63065,0.49619,0.39303,-0.68201,0.45326,0.36283,-0.70354,0.43308,0.34766,0.28507,-0.76176,0.37942,0.30612,0.25301,-0.78683,0.35705,0.28821,0.2388,0.20182,-0.82681,-0.68175,-0.53174,-0.41536,0.66762,-0.46824,-0.37333,-0.30396,0.74751,-0.39291,-0.31655,-0.26109,-0.21951,0.81257,-0.33111,-0.26815,-0.22313,0.81064,-0.33635,-0.27128
0.5,0.48779,-0.52383,0.48838,-0.52276,0.48891,-0.52178,-0.5106,-0.49987,-0.48957,0.52032,0.51,0.50006,0.49049,-0.51872,0.49086,0.48194,0.47335,-0.53495,0.47428,-0.53378,0.47515,0.46732,-0.54025,-0.53162,0.47677,0.46935,0.46215,0.45518,0.44842,0.44186,0.4355,0.42932,0.42333,0.41752,0.41187,0.40639,-0.59894,-0.59116,0.41647,0.41115,0.40597,0.40092,0.39602,0.39124,0.38658,0.38205,-0.62237,0.38477,0.38039,0.37612,0.37195,0.36788,0.3639,0.36003,0.35624,0.35254,0.34892,0.34539,0.34193,0.33855,0.33525,0.33202,-0.67115,-0.66478,-0.65846,-0.65219,0.35404,0.35067,-0.65262,0.35348,0.35019,0.34697,0.34382,0.34072,0.33769,-0.66528,0.34055,0.33758,0.33466,-0.66821,-0.66251,-0.65684,-0.65121,-0.64562,0.35994,-0.64315,0.36234,-0.64074,-0.63532,-0.62994,0.37539,-0.62777,-0.6225,-0.61727,-0.61209,-0.60696,0.39813,-0.60519,-0.60016,0.40482,0.40148,0.39818,-0.60506,0.39985,0.39662,0.39345,0.39032,-0.61276,0.39206,0.38899,0.38596,-0.61701,0.38773,-0.61524,0.38946,0.38649,0.38358,0.3807,0.37786,-0.62493,-0.62032,-0.61575,-0.6112,0.39331,0.39042,-0.61244,-0.60797,-0.60354,-0.59914,-0.59477,-0.59043,-0.58613,0.41814,-0.58489,0.41934,-0.58369,-0.57949,-0.57533,-0.5712,-0.56711,0.43695,0.43384,0.43076,0.42771,-0.57529,0.42874,0.42574,0.42278,-0.58014,0.42386,0.42095,-0.58194,0.42204,0.41916,0.41632,0.41351,0.41074,0.408,0.40528,-0.5974,-0.59345,-0.58954,-0.58564,-0.58177,-0.57793,0.42588,-0.57692,-0.57313,0.43064,0.42781,-0.57498,-0.57123,0.43249,-0.57032,-0.56663,-0.56295,-0.55931,-0.55569,-0.55209,-0.54852,-0.54498,-0.54147,-0.53798,-0.53451,-0.53108,-0.52767,-0.52429,-0.52093,-0.51761,-0.51431,-0.51103,-0.50778,-0.50456,-0.50137,-0.4982,0.50494,-0.49824,0.50489,-0.49828,0.50484,-0.49831,-0.49521,0.50787,0.50472,-0.49841,0.50468,-0.49844,0.50463,0.50153,0.49845,-0.5046,-0.50152,-0.49845,-0.49542,-0.4924,-0.48941,0.51356,-0.48955,-0.48659,-0.48366,-0.48075,-0.47786,0.52501,-0.47814,-0.47528,-0.47244,-0.46963,-0.46684,0.53593,-0.46724,0.53552,0.53236,-0.47079,-0.46801,0.53474,-0.4684,-0.46565,0.53707,-0.46607,0.53666,0.53353,0.53041,0.52732,0.52425,0.5212,0.51817,-0.48484,0.51797,0.51497,0.51198,-0.49098,0.51186,0.5089,-0.49404,0.50881,0.50588,-0.49703,0.50583,0.50292,-0.49996,-0.4971,-0.49425,-0.49143,0.51138,-0.49154,-0.48874,-0.48595,-0.48319,-0.48045,-0.47772,-0.47502,0.52767,-0.47532,0.52737,0.52439,-0.47856,-0.47587,-0.47319,-0.47053,0.53211,0.52912,0.52616,0.52321,-0.47972,0.52297,0.52004,-0.48287,0.51983,0.51693,0.51405,-0.48882,0.5139,0.51104,0.5082,-0.49463,0.50812,0.5053,0.50249,0.4997,-0.50307,-0.50028,-0.49751,-0.49476,0.50798,-0.49483,-0.4921,-0.48938,0.51332,-0.48951,-0.48682,-0.48414,-0.48148,0.52116,-0.4817,-0.47905,-0.47643,0.52618,-0.4767,-0.47409
0.5,0.40154,-0.70735,0.53799,-0.65652,0.59139,-0.63169,-0.39126,-0.25973,-0.18559,0.86067,0.51231,0.30539,0.20866,-0.84675,0.49541,0.29934,0.20568,-0.84854,0.49462,-0.70137,0.57959,0.35529,-0.76095,-0.46452,0.70621,0.43057,0.27826,0.19598,0.14584,0.11273,0.089655,0.072927,0.060424,0.050844,0.043349,0.037378,-0.96745,-0.35785,0.80505,0.42397,0.25983,0.18204,0.13602,0.10573,0.084533,0.069086,-0.94252,0.53242,0.28123,0.18947,0.13966,0.10789,0.085966,0.0701,0.058227,0.049108,0.041955,0.036243,0.031612,0.027807,0.024644,0.021987,-0.98027,-0.21535,-0.12506,-0.092023,0.92734,0.45068,-0.74812,0.57676,0.34398,0.23065,0.1669,0.12661,0.099291,-0.92012,0.50107,0.28064,0.19108,-0.85896,-0.50156,-0.29837,-0.20407,-0.15,0.88484,-0.49014,0.71239,-0.58085,-0.35243,-0.23637,0.82939,-0.50306,-0.30519,-0.20902,-0.15335,-0.11747,0.90718,-0.49425,-0.28253,0.8071,0.47627,0.29287,-0.79776,0.52119,0.31775,0.21664,0.15823,-0.87924,0.49035,0.28901,0.19797,-0.85414,0.4984,-0.7022,0.58243,0.35473,0.23777,0.1714,0.12953,-0.89875,-0.50792,-0.29129,-0.19813,0.85433,0.50017,-0.7017,-0.4169,-0.26841,-0.18919,-0.14095,-0.10906,-0.086803,0.92935,-0.5149,0.71884,-0.59008,-0.35269,-0.23535,-0.16957,-0.12819,0.89975,0.50648,0.29004,0.19727,-0.85495,0.50045,0.29806,0.20369,-0.85045,0.49986,0.29891,-0.79564,0.52549,0.31913,0.21703,0.15825,0.12063,0.094925,0.076567,-0.937,-0.47082,-0.25881,-0.17714,-0.13153,-0.10206,0.91843,-0.50761,-0.28266,0.80826,0.47292,-0.71004,-0.42435,0.72772,-0.5603,-0.34327,-0.23138,-0.16729,-0.12665,-0.099118,-0.079587,-0.065242,-0.054406,-0.046029,-0.039427,-0.034134,-0.029829,-0.026282,-0.023327,-0.020839,-0.018726,-0.016916,-0.015355,-0.013999,-0.012813,-0.011772,0.98915,-0.937,0.92323,-0.83338,0.72259,-0.65772,-0.36231,0.76525,0.4522,-0.71723,0.5708,-0.65279,0.60472,0.36878,0.24481,-0.82496,-0.48926,-0.29672,-0.2032,-0.14896,-0.114,0.91001,-0.50591,-0.28417,-0.19253,-0.14137,-0.10861,0.91391,-0.5101,-0.28415,-0.19218,-0.14106,-0.10837,0.91411,-0.51075,0.71576,0.4093,-0.73967,-0.44019,0.72173,-0.5675,-0.34516,0.76864,-0.5394,0.6723,0.40424,0.26218,0.18496,0.13768,0.10639,0.084579,-0.93123,0.52917,0.28344,0.19028,-0.86054,0.50862,0.29811,-0.79769,0.53071,0.31888,-0.78442,0.5339,0.32262,-0.78198,-0.46546,-0.28862,-0.19917,0.85358,-0.50443,-0.29836,-0.20281,-0.14827,-0.11332,-0.089385,-0.072239,0.94046,-0.54937,0.71523,0.39869,-0.747,-0.4414,-0.27775,-0.19315,0.85738,0.49609,0.29352,0.19991,-0.85363,0.507,0.29902,-0.79701,0.53137,0.31895,0.21542,-0.84366,0.50851,0.30175,0.20483,-0.8505,0.50781,0.29991,0.20352,0.1486,-0.88654,-0.49655,-0.28649,-0.19462,0.85733,-0.50844,-0.29842,-0.20233,0.85226,-0.50854,-0.29962,-0.20318,-0.1483,0.88679,-0.50429,-0.28968,-0.19626,0.85637,-0.50927,-0.2988
0.5,0.48775,-0.52396,0.48839,-0.52291,0.48897,-0.52195,-0.51049,-0.49945,-0.48882,0.52142,0.51066,0.50028,0.49025,-0.51944,0.49068,0.48125,0.47212,-0.5367,0.47321,-0.53543,0.47423,0.46577,-0.54242,-0.53298,0.47623,0.46809,0.46018,0.4525,0.44504,0.4378,0.43076,0.42393,0.41728,0.41083,0.40455,0.39844,-0.60749,-0.59849,0.41037,0.40433,0.39844,0.39271,0.38712,0.38167,0.37636,0.37119,-0.63386,0.37473,0.36967,0.36473,0.35991,0.3552,0.3506,0.34611,0.34173,0.33744,0.33325,0.32915,0.32514,0.32122,0.31739,0.31363,-0.69004,-0.68195,-0.67387,-0.66581,0.34223,0.3381,-0.66594,0.34202,0.33793,0.33393,0.33001,0.32616,0.3224,-0.68129,0.32651,0.32277,0.3191,-0.6845,-0.67677,-0.66905,-0.66134,-0.65366,0.354,-0.65015,0.35747,-0.64672,-0.63915,-0.63162,0.37587,-0.62858,-0.62114,-0.61376,-0.60642,-0.59914,0.40807,-0.59684,-0.58967,0.41742,0.41241,0.40748,-0.59736,0.40973,0.40488,0.40011,0.39543,-0.60917,0.39791,0.39329,0.38874,-0.61572,0.39135,-0.61314,0.39389,0.38937,0.38494,0.38058,0.37629,-0.62793,-0.62089,-0.61389,-0.60694,0.39997,0.39542,-0.60906,-0.60216,-0.59531,-0.58851,-0.58177,-0.57508,-0.56845,0.43811,-0.56694,0.4396,-0.56547,-0.55896,-0.55252,-0.54614,-0.53983,0.46641,0.46103,0.45572,0.45049,-0.55467,0.45167,0.44651,0.44143,-0.56358,0.44281,0.43779,-0.56715,0.43925,0.4343,0.42942,0.42461,0.41987,0.4152,0.4106,-0.59392,-0.58737,-0.58087,-0.57441,-0.568,-0.56165,0.44464,-0.56034,-0.55406,0.45216,0.44708,-0.55792,-0.55168,0.4545,-0.55059,-0.54442,-0.53832,-0.53228,-0.5263,-0.52038,-0.51453,-0.50874,-0.50302,-0.49737,-0.49179,-0.48627,-0.48082,-0.47545,-0.47014,-0.46489,-0.45972,-0.45462,-0.44958,-0.44461,-0.43971,-0.43488,0.56989,-0.43636,0.56843,-0.43781,0.56699,-0.43922,-0.43441,0.57034,0.56411,-0.44208,0.56277,-0.44341,0.56146,0.5553,0.54919,-0.45687,-0.45183,-0.44686,-0.44196,-0.43712,-0.43235,0.57235,-0.43388,-0.42915,-0.42449,-0.4199,-0.41536,0.5891,-0.41724,-0.41274,-0.40831,-0.40394,-0.39963,0.60461,-0.40182,0.60246,0.59604,-0.41035,-0.40595,0.59839,-0.40801,-0.40364,0.60066,-0.40575,0.59859,0.59218,0.58582,0.57949,0.57321,0.56697,0.56078,-0.44536,0.55952,0.55339,0.54732,-0.4587,0.54635,0.54034,-0.46561,0.53951,0.53357,-0.47231,0.5329,0.52702,-0.47879,-0.47351,-0.46829,-0.46314,0.54194,-0.46401,-0.45891,-0.45389,-0.44892,-0.44402,-0.43919,-0.43442,0.57029,-0.43589,0.56883,0.56266,-0.44346,-0.43863,-0.43387,-0.42918,0.57546,0.56924,0.56307,0.55695,-0.44912,0.55578,0.54972,-0.45629,0.5487,0.5427,0.53675,-0.46913,0.53601,0.53013,0.52431,-0.48145,0.52384,0.51808,0.51239,0.50675,-0.49883,-0.49334,-0.48791,-0.48255,0.52274,-0.48299,-0.47769,-0.47246,0.53272,-0.47312,-0.46794,-0.46282,-0.45777,0.54722,-0.45874,-0.45374,-0.44881,0.55606,-0.44997,-0.44509
0.5,0.48779,-0.52384,0.48838,-0.52277,0.48892,-0.5218,-0.51059,-0.49982,-0.48949,0.52044,0.51008,0.50009,0.49047,-0.5188,0.49084,0.48186,0.4732,-0.53515,0.47415,-0.53397,0.47505,0.46714,-0.54051,-0.53178,0.47671,0.4692,0.46192,0.45487,0.44802,0.44138,0.43494,0.42869,0.42262,0.41673,0.41101,0.40545,-0.59995,-0.59203,0.41574,0.41033,0.40507,0.39994,0.39495,0.39009,0.38536,0.38074,-0.62375,0.38356,0.3791,0.37474,0.37049,0.36634,0.36229,0.35833,0.35447,0.3507,0.34701,0.3434,0.33987,0.33642,0.33305,0.32975,-0.67348,-0.66691,-0.66037,-0.65389,0.35255,0.3491,-0.65429,0.35203,0.34864,0.34533,0.34207,0.33888,0.33576,-0.66731,0.33877,0.33569,0.33267,-0.67029,-0.66434,-0.65842,-0.65254,-0.64669,0.35912,-0.6441,0.36165,-0.64157,-0.63588,-0.63024,0.37536,-0.62796,-0.62243,-0.61693,-0.61148,-0.60608,0.39927,-0.60424,-0.59894,0.4063,0.40276,0.39927,-0.60417,0.40101,0.39759,0.39422,0.3909,-0.61237,0.39273,0.38947,0.38626,-0.6169,0.38814,-0.61502,0.38997,0.38681,0.3837,0.38064,0.37762,-0.62536,-0.62044,-0.61555,-0.6107,0.39412,0.39102,-0.61204,-0.60726,-0.60251,-0.5978,-0.59312,-0.58848,-0.58387,0.42071,-0.58258,0.42196,-0.58132,-0.57681,-0.57234,-0.56791,-0.56352,0.44084,0.43744,0.43408,0.43077,-0.57251,0.43183,0.42856,0.42533,-0.57786,0.42647,0.42328,-0.57986,0.42444,0.4213,0.41819,0.41512,0.41209,0.40909,0.40613,-0.59679,-0.5925,-0.58823,-0.58399,-0.57978,-0.57559,0.42857,-0.57452,-0.57039,0.43372,0.4306,-0.57248,-0.56839,0.43567,-0.56744,-0.5634,-0.55938,-0.5554,-0.55144,-0.54751,-0.54361,-0.53975,-0.53591,-0.5321,-0.52832,-0.52457,-0.52086,-0.51717,-0.51352,-0.50989,-0.5063,-0.50274,-0.4992,-0.4957,-0.49223,-0.48879,0.51462,-0.48897,0.51443,-0.48914,0.51425,-0.48931,-0.48592,0.51743,0.51386,-0.48967,0.51369,-0.48983,0.51352,0.51001,0.50652,-0.49694,-0.49355,-0.49019,-0.48685,-0.48355,-0.48027,0.52298,-0.48056,-0.47731,-0.4741,-0.47091,-0.46775,0.53538,-0.4682,-0.46507,-0.46197,-0.45889,-0.45584,0.54718,-0.45644,0.54658,0.54296,-0.46063,-0.45758,0.54543,-0.45816,-0.45514,0.54785,-0.45575,0.54724,0.54365,0.54009,0.53654,0.53302,0.52952,0.52605,-0.4774,0.52573,0.52228,0.51886,-0.48453,0.51864,0.51525,-0.48812,0.51507,0.51171,-0.49163,0.51157,0.50824,-0.49507,-0.49185,-0.48865,-0.48548,0.51767,-0.48569,-0.48254,-0.47942,-0.47632,-0.47325,-0.4702,-0.46717,0.53583,-0.46761,0.53539,0.53195,-0.47146,-0.46844,-0.46544,-0.46246,0.5405,0.53704,0.53361,0.5302,-0.47318,0.52984,0.52646,-0.47691,0.52614,0.52278,0.51944,-0.48387,0.51922,0.51591,0.51262,-0.49065,0.51248,0.50921,0.50597,0.50275,-0.50045,-0.49727,-0.49411,-0.49097,0.51215,-0.4911,-0.48799,-0.48489,0.51818,-0.4851,-0.48203,-0.47898,-0.47596,0.52704,-0.47628,-0.47328,-0.47029,0.53267,-0.47069,-0.46773
0.5,0.48708,-0.52587,0.48851,-0.52519,0.48989,-0.52449,-0.50878,-0.49324,-0.47792,0.53712,0.51997,0.5031,0.48657,-0.52958,0.48818,0.47164,0.45558,-0.55997,0.45929,-0.55663,0.4628,0.44654,-0.56913,-0.54905,0.47057,0.45367,0.43741,0.4218,0.40686,0.39258,0.37895,0.36596,0.35359,0.34182,0.33063,0.31999,-0.69011,-0.66813,0.35386,0.34212,0.33095,0.32032,0.31022,0.30062,0.29149,0.28282,-0.72543,0.29597,0.28714,0.27873,0.27073,0.26312,0.25587,0.24896,0.24238,0.23611,0.23012,0.22441,0.21895,0.21373,0.20874,0.20396,-0.80061,-0.78226,-0.76323,-0.74359,0.27658,0.26892,-0.73844,0.28213,0.27411,0.26641,0.25905,0.252,0.24525,-0.7612,0.2592,0.25212,0.24534,-0.76114,-0.74066,-0.71962,-0.69811,-0.67619,0.34612,-0.66561,0.35745,-0.65525,-0.63148,-0.60755,0.41643,-0.60038,-0.57568,-0.55123,-0.52718,-0.50369,0.5191,-0.50469,-0.48129,0.54119,0.51568,0.49109,-0.53247,0.49325,0.46927,0.44647,0.42488,-0.59546,0.43319,0.41223,0.39253,-0.62593,0.40366,-0.61555,0.41388,0.39397,0.37534,0.35792,0.34167,-0.67348,-0.64337,-0.61352,-0.58419,0.4444,0.42251,-0.59809,-0.5688,-0.54039,-0.51306,-0.48694,-0.46213,-0.43869,0.58335,-0.44604,0.57652,-0.45271,-0.42968,-0.40809,-0.3879,-0.36908,0.64844,0.61749,0.58712,0.55756,-0.47095,0.55323,0.52475,0.49752,-0.52835,0.49918,0.47311,-0.55149,0.47723,0.45232,0.42892,0.40701,0.38656,0.36754,0.34986,-0.66656,-0.63507,-0.60399,-0.5736,-0.54414,-0.51581,0.51125,-0.51566,-0.48844,0.53736,0.50892,-0.51813,-0.49054,0.53558,-0.49298,-0.46665,-0.44187,-0.41866,-0.397,-0.37685,-0.35814,-0.34079,-0.32472,-0.30982,-0.29602,-0.28323,-0.27135,-0.26032,-0.25006,-0.2405,-0.23159,-0.22326,-0.21548,-0.20818,-0.20134,-0.19491,0.81114,-0.21487,0.79225,-0.23479,0.77348,-0.25452,-0.24501,0.76395,0.73524,-0.29463,0.71779,-0.31339,0.70074,0.66816,0.63478,-0.39918,-0.37695,-0.35591,-0.33617,-0.31778,-0.30073,0.71504,-0.32344,-0.30554,-0.28905,-0.27389,-0.25997,0.75281,-0.28534,-0.27041,-0.2567,-0.24413,-0.23257,0.77805,-0.25875,0.75394,0.7158,-0.32385,-0.30518,0.71206,-0.32934,-0.30952,0.70867,-0.3341,0.6867,0.64291,0.599,0.55577,0.51399,0.47438,0.4375,-0.59632,0.45033,0.41464,0.38234,-0.64664,0.40293,0.3716,-0.65642,0.39364,0.36317,-0.66402,0.38629,0.35656,-0.66995,-0.61951,-0.57028,-0.52332,0.52053,-0.52341,-0.47896,-0.43836,-0.40179,-0.36917,-0.34025,-0.31469,0.70791,-0.34392,0.68184,0.62996,-0.42109,-0.38634,-0.35528,-0.32772,0.69668,0.64383,0.59145,0.5409,-0.50669,0.53841,0.49007,-0.55413,0.49613,0.45086,0.41025,-0.62571,0.42948,0.39122,0.3575,-0.67207,0.3842,0.35149,0.32277,0.29762,-0.72442,-0.66942,-0.61398,-0.55972,0.49192,-0.55427,-0.50158,-0.45332,0.58992,-0.46675,-0.42149,-0.38159,-0.34678,0.68343,-0.37707,-0.34298,-0.31335,0.71237,-0.34748,-0.31743
0.5,0.48603,-0.52888,0.48872,-0.52873,0.49134,-0.52833,-0.50616,-0.48402,-0.46213,0.55931,0.53259,0.50634,0.48081,-0.54381,0.48453,0.45889,0.43449,-0.58861,0.44313,-0.58105,0.45101,0.4259,-0.59762,-0.56427,0.46793,0.44109,0.41601,0.39265,0.37093,0.35078,0.33208,0.31474,0.29865,0.28371,0.26982,0.2569,-0.75513,-0.71829,0.31992,0.30255,0.28659,0.2719,0.25833,0.24579,0.23416,0.22337,-0.78668,0.25054,0.23819,0.2268,0.21626,0.20648,0.19739,0.18891,0.181,0.17359,0.16664,0.16012,0.15399,0.14821,0.14276,0.13761,-0.86726,-0.8336,-0.79498,-0.75248,0.29235,0.27465,-0.74118,0.30248,0.28439,0.26815,0.25348,0.24016,0.228,-0.78313,0.25685,0.24328,0.2309,-0.78044,-0.74043,-0.69852,-0.65607,-0.61428,0.4259,-0.60171,0.43701,-0.59089,-0.5534,-0.51806,0.5149,-0.5176,-0.48515,-0.45504,-0.42723,-0.40161,0.62193,-0.41471,-0.39021,0.63233,0.59555,0.55995,-0.47401,0.55467,0.52116,0.48958,0.46005,-0.5674,0.46647,0.43863,0.41282,-0.61105,0.42448,-0.6003,0.43489,0.40933,0.38571,0.3639,0.34377,-0.67481,-0.6377,-0.60099,-0.56534,0.46875,0.44052,-0.58562,-0.55081,-0.51767,-0.48643,-0.45723,-0.43007,-0.40492,0.61834,-0.41742,0.60684,-0.4286,-0.40349,-0.38029,-0.35889,-0.33913,0.6791,0.64191,0.60505,0.5692,-0.46513,0.56288,0.52901,0.497,-0.53299,0.49912,0.4691,-0.55887,0.47446,0.44617,0.41989,0.39556,0.37307,0.3523,0.33312,-0.6846,-0.64745,-0.61051,-0.57448,-0.53991,-0.50715,0.5236,-0.50807,-0.4774,0.55121,0.51819,-0.51295,-0.48216,0.54662,-0.48601,-0.45701,-0.43002,-0.40499,-0.38183,-0.36043,-0.34066,-0.32239,-0.3055,-0.28987,-0.27539,-0.26195,-0.24946,-0.23784,-0.22701,-0.2169,-0.20745,-0.19861,-0.19032,-0.18254,-0.17523,-0.16835,0.83814,-0.19664,0.81204,-0.22599,0.78511,-0.25519,-0.24163,0.77071,0.72981,-0.31262,0.70581,-0.33635,0.68391,0.64239,0.60176,-0.43715,-0.40912,-0.38364,-0.36048,-0.3394,-0.32017,0.69742,-0.3416,-0.32223,-0.30451,-0.28827,-0.27335,0.74041,-0.29807,-0.28218,-0.2676,-0.25418,-0.24179,0.76967,-0.2684,0.74533,0.70595,-0.33434,-0.31502,0.70256,-0.33734,-0.31794,0.69974,-0.33986,0.67962,0.6402,0.60144,0.56407,0.52861,0.49536,0.46445,-0.56413,0.47047,0.44171,0.41515,-0.60932,0.42672,0.40144,-0.62186,0.41444,0.39015,-0.63222,0.40432,0.38083,-0.64081,-0.60406,-0.56833,-0.53411,0.49827,-0.53186,-0.49977,-0.46967,-0.44162,-0.41561,-0.39154,-0.36932,0.6512,-0.38543,0.63645,0.59999,-0.43543,-0.40968,-0.38591,-0.36399,0.65623,0.61931,0.58314,0.54828,-0.48486,0.54439,0.5116,-0.51924,0.51201,0.48124,0.45249,-0.57423,0.45974,0.43252,0.40727,-0.61608,0.41949,0.39515,0.37267,0.35191,-0.66726,-0.63034,-0.59394,-0.5587,0.47494,-0.55362,-0.52036,-0.489,0.54035,-0.49205,-0.46258,-0.43514,-0.40969,0.61386,-0.42165,-0.39715,-0.37451,0.6464,-0.3901,-0.36789
0.5,0.46947,-0.5732,0.49315,-0.57315,0.51209,-0.56913,-0.47471,-0.3949,-0.33093,0.71953,0.60118,0.49156,0.4025,-0.66623,0.45108,0.37062,0.30913,-0.73805,0.38394,-0.68208,0.43898,0.36008,-0.69961,-0.57814,0.52975,0.43157,0.35533,0.29723,0.2526,0.21775,0.19004,0.16762,0.14921,0.13388,0.12096,0.10996,-0.8995,-0.79384,0.34949,0.28396,0.23761,0.20323,0.17676,0.15577,0.13873,0.12466,-0.88716,0.22432,0.19103,0.16594,0.14629,0.13046,0.11743,0.1065,0.097221,0.08924,0.08231,0.076241,0.070887,0.066133,0.061887,0.058076,-0.94536,-0.85552,-0.69888,-0.53287,0.59344,0.45761,-0.64169,0.49776,0.38974,0.31185,0.25574,0.21434,0.18291,-0.84157,0.29931,0.24322,0.20325,-0.82655,-0.67959,-0.52635,-0.40671,-0.32207,0.73784,-0.41086,0.67475,-0.46947,-0.36843,-0.29612,0.75619,-0.39224,-0.31166,-0.25445,-0.21258,-0.18094,0.84362,-0.30096,-0.24319,0.79758,0.64286,0.49398,-0.61773,0.52088,0.40493,0.32133,0.26149,-0.78234,0.36841,0.29288,0.23967,-0.79924,0.35298,-0.71919,0.4357,0.34035,0.27376,0.22597,0.1905,-0.83665,-0.68756,-0.52832,-0.40459,0.68183,0.53187,-0.58891,-0.45594,-0.35687,-0.28627,-0.23531,-0.19751,-0.16867,0.85389,-0.29432,0.76355,-0.4009,-0.31189,-0.25127,-0.20809,-0.17607,0.84848,0.6968,0.53096,0.40301,-0.68507,0.46919,0.36276,0.28836,-0.76448,0.39324,0.30806,-0.75108,0.40805,0.31825,0.25609,0.21156,0.17848,0.15314,0.13322,-0.88276,-0.73467,-0.55467,-0.41379,-0.31903,-0.25492,0.7903,-0.37264,-0.29085,0.76504,0.60042,-0.54603,-0.41502,0.67723,-0.47846,-0.36743,-0.29005,-0.23546,-0.19572,-0.16585,-0.14277,-0.12452,-0.10978,-0.097698,-0.087641,-0.079168,-0.071953,-0.06575,-0.060373,-0.055676,-0.051546,-0.047892,-0.044642,-0.041735,-0.039125,-0.03677,0.96536,-0.15892,0.87172,-0.35381,0.74906,-0.47904,-0.33037,0.75655,0.53395,-0.63353,0.56492,-0.61118,0.57946,0.39902,0.28636,-0.78335,-0.55498,-0.37687,-0.27096,-0.20598,-0.16316,0.86677,-0.36744,-0.25686,-0.19397,-0.15367,-0.12577,0.89457,-0.34243,-0.23774,-0.17985,-0.14299,-0.11747,0.90117,-0.34144,0.76556,0.50408,-0.66912,-0.43836,0.70226,-0.53532,-0.35365,0.75006,-0.49929,0.66954,0.43848,0.29712,0.21611,0.1658,0.13217,0.1084,-0.90911,0.36117,0.23735,0.17433,-0.86407,0.42027,0.27067,-0.80585,0.47934,0.30443,-0.78632,0.49715,0.31404,-0.78134,-0.49611,-0.31246,-0.21711,0.83819,-0.46199,-0.28869,-0.2018,-0.15136,-0.11889,-0.096482,-0.08025,0.93195,-0.39346,0.76529,0.43515,-0.73634,-0.42286,-0.2592,-0.17875,0.86732,0.50701,0.28616,0.18963,-0.86229,0.51122,0.28339,-0.81405,0.55521,0.30234,0.19398,-0.86219,0.53873,0.28459,0.18195,-0.87078,0.55348,0.28103,0.17661,0.12424,-0.90664,-0.42942,-0.22054,-0.14222,0.89831,-0.61806,-0.26221,-0.15418,0.89528,-0.67957,-0.24609,-0.13825,-0.091597,0.93381,-0.80026,-0.13282,-0.071595,0.95375,-0.98651,-4.634e-12
0.5,0.39572,-0.71589,0.54278,-0.66058,0.59733,-0.63534,-0.38581,-0.25315,-0.17972,0.86562,0.50189,0.2949,0.20038,-0.85333,0.50544,0.29821,0.20241,-0.85208,0.50647,-0.70132,0.58898,0.35323,-0.76562,-0.45573,0.71606,0.42581,0.27071,0.18896,0.13981,0.10764,0.085376,0.069317,0.057363,0.04823,0.0411,0.035431,-0.96915,-0.32146,0.82322,0.41352,0.24855,0.17284,0.12855,0.099589,0.079441,0.064821,-0.94613,0.56738,0.28531,0.18851,0.13736,0.10523,0.083312,0.067598,0.055929,0.047022,0.040072,0.034546,0.030081,0.026424,0.023392,0.02085,-0.9813,-0.17348,-0.10425,-0.077555,0.93835,0.39411,-0.78164,0.58266,0.33265,0.21901,0.15682,0.11809,0.092112,-0.9262,0.54068,0.28588,0.18979,-0.86209,-0.47744,-0.2785,-0.18896,-0.13804,0.89454,-0.52101,0.70998,-0.59933,-0.35003,-0.22926,0.83702,-0.52462,-0.30484,-0.20391,-0.1473,-0.11156,0.91263,-0.53259,-0.28771,0.80877,0.45436,0.2736,-0.81302,0.53763,0.31333,0.20863,0.15009,-0.88672,0.52325,0.29216,0.19478,-0.85899,0.52647,-0.70023,0.60133,0.35129,0.22941,0.16262,0.12138,-0.90602,-0.46702,-0.26199,-0.17732,0.87021,0.47098,-0.72801,-0.40975,-0.25545,-0.17697,-0.13027,-0.099878,-0.078929,0.93612,-0.57551,0.71113,-0.61506,-0.35095,-0.22754,-0.16093,-0.12001,0.90714,0.46176,0.25856,0.17499,-0.87193,0.53246,0.29757,0.19734,-0.85784,0.53182,0.3006,-0.80057,0.55044,0.31792,0.20999,0.15017,0.11281,0.087772,0.070155,-0.9427,-0.40045,-0.21907,-0.15045,-0.11174,-0.086631,0.93082,-0.5762,-0.29031,0.81065,0.44327,-0.73512,-0.4146,0.74322,-0.57701,-0.33527,-0.21942,-0.15566,-0.1162,-0.089954,-0.071602,-0.058282,-0.04832,-0.040684,-0.034706,-0.029943,-0.026089,-0.022928,-0.020304,-0.018103,-0.016239,-0.014647,-0.013276,-0.012089,-0.011053,-0.010144,0.99066,-0.9782,0.98279,-0.97763,0.97587,-0.97063,-0.036432,0.971,0.060663,-0.95565,0.88439,-0.82244,0.73058,0.31521,0.18954,-0.87003,-0.38677,-0.21667,-0.14447,-0.10383,-0.078193,0.93907,-0.71097,-0.28233,-0.1718,-0.11903,-0.087699,0.93273,-0.69829,-0.28532,-0.17363,-0.11997,-0.088156,0.93254,-0.7026,0.7157,0.33221,-0.8016,-0.37995,0.7817,-0.62434,-0.31536,0.80653,-0.61708,0.69015,0.3457,0.20711,0.13935,0.1001,0.075213,0.058465,-0.95332,0.7893,0.24959,0.15044,-0.89517,0.66054,0.29426,-0.82123,0.62866,0.30661,-0.81293,0.62555,0.30737,-0.81246,-0.37398,-0.21272,-0.1407,0.89986,-0.66378,-0.29183,-0.17675,-0.12065,-0.087659,-0.066451,-0.052017,0.95823,-0.83287,0.78499,0.28814,-0.83061,-0.35285,-0.19941,-0.13219,0.90572,0.31483,0.17486,0.11742,-0.91516,0.70679,0.2828,-0.83105,0.6486,0.30172,0.18132,-0.87769,0.66162,0.29285,0.17571,-0.88117,0.6674,0.29174,0.17468,0.11806,-0.91492,-0.28551,-0.15955,-0.10781,0.92174,-0.73586,-0.2731,-0.16183,0.89014,-0.68817,-0.28717,-0.1706,-0.11499,0.91728,-0.73056,-0.27407,-0.16201,0.89038,-0.69432,-0.28526
0.5,0.4878,-0.52382,0.48838,-0.52275,0.48891,-0.52177,-0.51061,-0.4999,-0.48962,0.52025,0.50996,0.50005,0.49051,-0.51868,0.49087,0.48198,0.47342,-0.53485,0.47434,-0.53368,0.47521,0.46741,-0.54013,-0.53154,0.4768,0.46942,0.46227,0.45533,0.44861,0.44209,0.43577,0.42964,0.42369,0.41791,0.4123,0.40686,-0.59844,-0.59073,0.41683,0.41155,0.40641,0.40141,0.39654,0.3918,0.38719,0.38269,-0.62169,0.38537,0.38103,0.3768,0.37267,0.36864,0.36471,0.36087,0.35712,0.35345,0.34987,0.34638,0.34296,0.33962,0.33635,0.33315,-0.66998,-0.66372,-0.6575,-0.65134,0.35478,0.35146,-0.65178,0.35421,0.35097,0.3478,0.34469,0.34165,0.33866,-0.66427,0.34145,0.33852,0.33565,-0.66717,-0.66159,-0.65604,-0.65054,-0.64507,0.36035,-0.64266,0.36269,-0.64032,-0.63503,-0.62978,0.37542,-0.62766,-0.62253,-0.61743,-0.61238,-0.60738,0.39757,-0.60565,-0.60076,0.40409,0.40084,0.39765,-0.60549,0.39927,0.39614,0.39307,0.39004,-0.61295,0.39172,0.38875,0.38582,-0.61706,0.38753,-0.61534,0.3892,0.38634,0.38352,0.38074,0.37799,-0.62471,-0.62026,-0.61584,-0.61145,0.39291,0.39012,-0.61263,-0.60832,-0.60405,-0.5998,-0.59559,-0.59141,-0.58727,0.41685,-0.58606,0.41801,-0.58488,-0.58084,-0.57684,-0.57286,-0.56892,0.43498,0.43201,0.42907,0.42616,-0.57671,0.42716,0.4243,0.42148,-0.58131,0.42253,0.41975,-0.583,0.4208,0.41807,0.41536,0.41268,0.41004,0.40742,0.40484,-0.59772,-0.59395,-0.59021,-0.5865,-0.58281,-0.57914,0.4245,-0.57816,-0.57455,0.42905,0.42637,-0.57628,-0.57271,0.43084,-0.57182,-0.5683,-0.56481,-0.56134,-0.55789,-0.55447,-0.55107,-0.5477,-0.54435,-0.54103,-0.53773,-0.53446,-0.53121,-0.52799,-0.52479,-0.52162,-0.51848,-0.51536,-0.51226,-0.50919,-0.50614,-0.50312,0.49987,-0.5031,0.49989,-0.50307,0.4999,-0.50305,-0.50009,0.50284,0.4999,-0.50302,0.49991,-0.50299,0.49992,0.49703,0.49416,-0.50869,-0.50576,-0.50286,-0.49998,-0.49712,-0.49428,0.50854,-0.49436,-0.49155,-0.48877,-0.486,-0.48326,0.51946,-0.48346,-0.48075,-0.47806,-0.47539,-0.47274,0.52989,-0.47305,0.52957,0.52664,-0.47627,-0.47364,0.52896,-0.47394,-0.47134,0.53124,-0.47167,0.53091,0.52801,0.52514,0.52228,0.51944,0.51662,0.51381,-0.48897,0.51367,0.5109,0.50814,-0.4946,0.50806,0.50533,-0.49738,0.50528,0.50258,-0.50011,0.50256,0.49988,-0.50279,-0.50011,-0.49745,-0.49481,0.50781,-0.49488,-0.49226,-0.48966,-0.48707,-0.48451,-0.48196,-0.47943,0.52309,-0.47965,0.52286,0.52012,-0.48259,-0.48008,-0.47757,-0.47509,0.52738,0.52464,0.52192,0.51921,-0.48348,0.51903,0.51634,-0.48633,0.51619,0.51352,0.51088,-0.49176,0.51078,0.50815,0.50554,-0.49706,0.50549,0.5029,0.50033,0.49777,-0.50477,-0.5022,-0.49963,-0.49709,0.50544,-0.49713,-0.4946,-0.49209,0.51041,-0.49218,-0.48969,-0.48721,-0.48474,0.5177,-0.48491,-0.48246,-0.48003,0.52238,-0.48024,-0.47783
